"accession_name","block","common_name","experiment","minicore_id","plot_name","plot_number","population_name","range","row","seedlot_name","sort","first flower date","seed count","Minicore #","DNA ID"
"FN-1-14-04",NA,NA,"GHC2501","MinicoreUCR_027","GHC2501_156",156,"UCR_mini_core",NA,NA,"UCR_MinicoreUCR_027_2025",56,NA,7,"MinicoreUCR_027",4913
"TVu-5444",NA,NA,"GHC2501","MinicoreUCR_267","GHC2501_364",364,"UCR_mini_core",NA,NA,"UCR_MinicoreUCR_267_2025",264,NA,9,"MinicoreUCR_267",5151
"TVu-53",NA,NA,"GHC2501","MinicoreUCR_266","GHC2501_363",363,"UCR_mini_core",NA,NA,"UCR_MinicoreUCR_266_2025",263,"3/16/26",10,"MinicoreUCR_266",5150
"Cameroon_12-58",NA,"Cameroon 12-58","GHC2501","MinicoreUCR_010","GHC2501_145",145,"UCR_mini_core",NA,NA,"UCR_MinicoreUCR_010_2025",45,NA,11,"MinicoreUCR_010",4896
"1393-1-2-3(-)",NA,NA,"GHC2501","MinicoreUCR_001","GHC2501_140",140,"UCR_mini_core",NA,NA,"UCR_MinicoreUCR_001_2025",40,"3/5/26",13,"MinicoreUCR_001",4887
"CB5-2",NA,"CB46 (but wrong)","GHC2501","MinicoreUCR_014","GHC2501_148",148,"UCR_mini_core",NA,NA,"UCR_MinicoreUCR_014_2025",48,"3/6/26",13,"MinicoreUCR_014",4900
"Gorda",NA,NA,"GHC2501","MinicoreUCR_031","GHC2501_159",159,"UCR_mini_core",NA,NA,"UCR_MinicoreUCR_031_2025",59,"3/6/26",13,"MinicoreUCR_031",4917
"IT93K-452-1",NA,NA,"GHC2501","MinicoreUCR_050","GHC2501_177",177,"UCR_mini_core",NA,NA,"UCR_MinicoreUCR_050_2025",77,"4/1/26",13,"MinicoreUCR_050",4936
"IT98K-1111-1",NA,NA,"GHC2501","MinicoreUCR_067","GHC2501_193",193,"UCR_mini_core",NA,NA,"UCR_MinicoreUCR_067_2025",93,"3/30/26",13,"MinicoreUCR_067",4953
"TVu-15315",NA,NA,"GHC2501","MinicoreUCR_168","GHC2501_283",283,"UCR_mini_core",NA,NA,"UCR_MinicoreUCR_168_2025",183,NA,13,"MinicoreUCR_168",5274
"UCR_5279",NA,"UCR 5279","GHC2501","MinicoreUCR_375","GHC2501_439",439,"UCR_mini_core",NA,NA,"UCR_MinicoreUCR_375_2025",339,NA,13,"MinicoreUCR_375",5258
"N'diambour",NA,NA,"GHC2501","MinicoreUCR_092","GHC2501_215",215,"UCR_mini_core",NA,NA,"UCR_MinicoreUCR_092_2025",115,NA,14,"MinicoreUCR_092",4978
"TVu-16278",NA,NA,"GHC2501","MinicoreUCR_197","GHC2501_306",306,"UCR_mini_core",NA,NA,"UCR_MinicoreUCR_197_2025",206,"3/13/26",14,"MinicoreUCR_197",5082
"TVu-1727",NA,NA,"GHC2501","MinicoreUCR_211","GHC2501_317",317,"UCR_mini_core",NA,NA,"UCR_MinicoreUCR_211_2025",217,"3/16/26",14,"MinicoreUCR_211",5096
"CB27",NA,NA,"GHC2501","MinicoreUCR_012","GHC2501_146",146,"UCR_mini_core",NA,NA,"UCR_MinicoreUCR_012_2025",46,"3/9/26",15,"MinicoreUCR_012",4898
"IT82E-18",NA,NA,"GHC2501","MinicoreUCR_043","GHC2501_170",170,"UCR_mini_core",NA,NA,"UCR_MinicoreUCR_043_2025",70,"3/13/26",15,"MinicoreUCR_043",4929
"TVu-10892",NA,NA,"GHC2501","MinicoreUCR_114","GHC2501_233",233,"UCR_mini_core",NA,NA,"UCR_MinicoreUCR_114_2025",133,NA,15,"MinicoreUCR_114",5000
"TVu-1280",NA,NA,"GHC2501","MinicoreUCR_120","GHC2501_239",239,"UCR_mini_core",NA,NA,"UCR_MinicoreUCR_120_2025",139,NA,15,"MinicoreUCR_120",5006
"TVu-14393",NA,NA,"GHC2501","MinicoreUCR_152","GHC2501_269",269,"UCR_mini_core",NA,NA,"UCR_MinicoreUCR_152_2025",169,NA,15,"MinicoreUCR_152",5038
"TVu-6968",NA,NA,"GHC2501","MinicoreUCR_282","GHC2501_372",372,"UCR_mini_core",NA,NA,"UCR_MinicoreUCR_282_2025",272,"3/24/26",15,"MinicoreUCR_282",5166
"TVu-9256",NA,NA,"GHC2501","MinicoreUCR_330","GHC2501_401",401,"UCR_mini_core",NA,NA,"UCR_MinicoreUCR_330_2025",301,NA,15,"MinicoreUCR_330",5214
"TVu-9801",NA,NA,"GHC2501","MinicoreUCR_353","GHC2501_422",422,"UCR_mini_core",NA,NA,"UCR_MinicoreUCR_353_2025",322,NA,15,"MinicoreUCR_353",5237
"Early_Scarlet",NA,"Early Scarlet","GHC2501","MinicoreUCR_023","GHC2501_152",152,"UCR_mini_core",NA,NA,"UCR_MinicoreUCR_023_2025",52,"3/13/26",16,"MinicoreUCR_023",4909
"SASAQUE",NA,NA,"GHC2501","MinicoreUCR_098","GHC2501_220",220,"UCR_mini_core",NA,NA,"UCR_MinicoreUCR_098_2025",120,NA,16,"MinicoreUCR_098",4983
"TVu-2449",NA,NA,"GHC2501","MinicoreUCR_224","GHC2501_328",328,"UCR_mini_core",NA,NA,"UCR_MinicoreUCR_224_2025",228,NA,16,"MinicoreUCR_224",5109
"TVu-6365",NA,NA,"GHC2501","MinicoreUCR_269","GHC2501_366",366,"UCR_mini_core",NA,NA,"UCR_MinicoreUCR_269_2025",266,NA,16,"MinicoreUCR_269",5153
"China_501",NA,"China 501","GHC2501","MinicoreUCR_020","GHC2501_149",149,"UCR_mini_core",NA,NA,"UCR_MinicoreUCR_020_2025",49,NA,17,"MinicoreUCR_020",4906
"Vg50",NA,NA,"GHC2501","MinicoreUCR_396","GHC2501_458",458,"UCR_mini_core",NA,NA,"UCR_MinicoreUCR_396_2025",358,"3/16/26",17,"MinicoreUCR_396",5890
"Bambey_21",NA,"Bambey 21","GHC2501","MinicoreUCR_007","GHC2501_144",144,"UCR_mini_core",NA,NA,"UCR_MinicoreUCR_007_2025",44,"3/9/26",18,"MinicoreUCR_007",4893
"KVx-525",NA,"KVx 525","GHC2501","MinicoreUCR_080","GHC2501_204",204,"UCR_mini_core",NA,NA,"UCR_MinicoreUCR_080_2025",104,"3/30/26",18,"MinicoreUCR_080",4966
"TVu-12897",NA,NA,"GHC2501","MinicoreUCR_123","GHC2501_242",242,"UCR_mini_core",NA,NA,"UCR_MinicoreUCR_123_2025",142,NA,19,"MinicoreUCR_123",5009
"TVu-6439",NA,NA,"GHC2501","MinicoreUCR_270","GHC2501_367",367,"UCR_mini_core",NA,NA,"UCR_MinicoreUCR_270_2025",267,"3/16/26",19,"MinicoreUCR_270",5154
"UCR_1432",NA,"UCR 1432","GHC2501","MinicoreUCR_360","GHC2501_429",429,"UCR_mini_core",NA,NA,"UCR_MinicoreUCR_360_2025",329,NA,19,"MinicoreUCR_360",5244
"Cp_4906",NA,"Cp 4906","GHC2501","MinicoreUCR_392","GHC2501_454",454,"UCR_mini_core",NA,NA,"UCR_MinicoreUCR_392_2025",354,"3/13/26",20,"MinicoreUCR_392",5886
"Vg48",NA,NA,"GHC2501","MinicoreUCR_395","GHC2501_457",457,"UCR_mini_core",NA,NA,"UCR_MinicoreUCR_395_2025",357,"3/13/26",20,"MinicoreUCR_395",5889
"524B",NA,"524-B","GHC2501","MinicoreUCR_003","GHC2501_141",141,"UCR_mini_core",NA,NA,"UCR_MinicoreUCR_003_2025",41,"3/5/26",21,"MinicoreUCR_003",4889
"IT99K-124-5",NA,NA,"GHC2501","MinicoreUCR_075","GHC2501_199",199,"UCR_mini_core",NA,NA,"UCR_MinicoreUCR_075_2025",99,"3/25/26",21,"MinicoreUCR_075",4961
"TVu-14272",NA,NA,"GHC2501","MinicoreUCR_147","GHC2501_264",264,"UCR_mini_core",NA,NA,"UCR_MinicoreUCR_147_2025",164,"3/13/26",21,"MinicoreUCR_147",5033
"IT97K-207-21",NA,NA,"GHC2501","MinicoreUCR_059","GHC2501_186",186,"UCR_mini_core",NA,NA,"UCR_MinicoreUCR_059_2025",86,"3/13/26",22,"MinicoreUCR_059",4945
"IT98K-205-8",NA,NA,"GHC2501","MinicoreUCR_070","GHC2501_195",195,"UCR_mini_core",NA,NA,"UCR_MinicoreUCR_070_2025",95,"3/11/26",22,"MinicoreUCR_070",4956
"Suvita-2",NA,NA,"GHC2501","MinicoreUCR_099","GHC2501_221",221,"UCR_mini_core",NA,NA,"UCR_MinicoreUCR_099_2025",121,"3/16/26",22,"MinicoreUCR_099",4986
"IT97K-207-15",NA,NA,"GHC2501","MinicoreUCR_058","GHC2501_185",185,"UCR_mini_core",NA,NA,"UCR_MinicoreUCR_058_2025",85,"3/27/26",23,"MinicoreUCR_058",4944
"TVu-13388",NA,NA,"GHC2501","MinicoreUCR_131","GHC2501_249",249,"UCR_mini_core",NA,NA,"UCR_MinicoreUCR_131_2025",149,NA,23,"MinicoreUCR_131",5017
"TVu-16403",NA,NA,"GHC2501","MinicoreUCR_201","GHC2501_310",310,"UCR_mini_core",NA,NA,"UCR_MinicoreUCR_201_2025",210,NA,23,"MinicoreUCR_201",5086
"Vg56",NA,NA,"GHC2501","MinicoreUCR_397","GHC2501_459",459,"UCR_mini_core",NA,NA,"UCR_MinicoreUCR_397_2025",359,"3/13/26",23,"MinicoreUCR_397",5891
"CB3",NA,NA,"GHC2501","MinicoreUCR_013","GHC2501_147",147,"UCR_mini_core",NA,NA,"UCR_MinicoreUCR_013_2025",47,"3/10/26",24,"MinicoreUCR_013",4899
"IAR7/8-4-5-1",NA,NA,"GHC2501","MinicoreUCR_032","GHC2501_160",160,"UCR_mini_core",NA,NA,"UCR_MinicoreUCR_032_2025",60,"3/13/26",24,"MinicoreUCR_032",4918
"IT86D-364",NA,NA,"GHC2501","MinicoreUCR_048","GHC2501_175",175,"UCR_mini_core",NA,NA,"UCR_MinicoreUCR_048_2025",75,"3/13/26",24,"MinicoreUCR_048",4934
"IT95M-190",NA,NA,"GHC2501","MinicoreUCR_056","GHC2501_183",183,"UCR_mini_core",NA,NA,"UCR_MinicoreUCR_056_2025",83,"3/9/26",24,"MinicoreUCR_056",4942
"TVu-2322",NA,NA,"GHC2501","MinicoreUCR_221","GHC2501_325",325,"UCR_mini_core",NA,NA,"UCR_MinicoreUCR_221_2025",225,NA,24,"MinicoreUCR_221",5106
"Danila",NA,NA,"GHC2501","MinicoreUCR_022","GHC2501_151",151,"UCR_mini_core",NA,NA,"UCR_MinicoreUCR_022_2025",51,"3/13/26",25,"MinicoreUCR_022",4908
"INIA-5E",NA,NA,"GHC2501","MinicoreUCR_039","GHC2501_167",167,"UCR_mini_core",NA,NA,"UCR_MinicoreUCR_039_2025",67,NA,25,"MinicoreUCR_039",4925
"INIA-34",NA,NA,"GHC2501","MinicoreUCR_036","GHC2501_164",164,"UCR_mini_core",NA,NA,"UCR_MinicoreUCR_036_2025",64,"3/27/26",26,"MinicoreUCR_036",4922
"IT95K-1093-5",NA,NA,"GHC2501","MinicoreUCR_052","GHC2501_179",179,"UCR_mini_core",NA,NA,"UCR_MinicoreUCR_052_2025",79,"4/1/26",26,"MinicoreUCR_052",4938
"TVu-15687",NA,NA,"GHC2501","MinicoreUCR_183","GHC2501_296",296,"UCR_mini_core",NA,NA,"UCR_MinicoreUCR_183_2025",196,"4/1/26",26,"MinicoreUCR_183",5068
"TVu-8713",NA,NA,"GHC2501","MinicoreUCR_317","GHC2501_396",396,"UCR_mini_core",NA,NA,"UCR_MinicoreUCR_317_2025",296,"4/1/26",26,"MinicoreUCR_317",5201
"Apagbaala",NA,NA,"GHC2501","MinicoreUCR_006","GHC2501_143",143,"UCR_mini_core",NA,NA,"UCR_MinicoreUCR_006_2025",43,"3/13/26",27,"MinicoreUCR_006",4892
"IT89KD-288",NA,NA,"GHC2501","MinicoreUCR_049","GHC2501_176",176,"UCR_mini_core",NA,NA,"UCR_MinicoreUCR_049_2025",76,"4/1/26",27,"MinicoreUCR_049",4935
"IT95K-1105-5",NA,NA,"GHC2501","MinicoreUCR_053","GHC2501_180",180,"UCR_mini_core",NA,NA,"UCR_MinicoreUCR_053_2025",80,"3/10/26",27,"MinicoreUCR_053",4939
"IT98K-555-1",NA,NA,"GHC2501","MinicoreUCR_073","GHC2501_198",198,"UCR_mini_core",NA,NA,"UCR_MinicoreUCR_073_2025",98,NA,27,"MinicoreUCR_073",4959
"TVu-1124",NA,NA,"GHC2501","MinicoreUCR_115","GHC2501_234",234,"UCR_mini_core",NA,NA,"UCR_MinicoreUCR_115_2025",134,NA,27,"MinicoreUCR_115",5001
"TVu-14336",NA,NA,"GHC2501","MinicoreUCR_149","GHC2501_266",266,"UCR_mini_core",NA,NA,"UCR_MinicoreUCR_149_2025",166,NA,27,"MinicoreUCR_149",5035
"TVu-7362",NA,NA,"GHC2501","MinicoreUCR_287","GHC2501_373",373,"UCR_mini_core",NA,NA,"UCR_MinicoreUCR_287_2025",273,NA,27,"MinicoreUCR_287",5720
"UCR_5275",NA,"UCR 5275","GHC2501","MinicoreUCR_374","GHC2501_438",438,"UCR_mini_core",NA,NA,"UCR_MinicoreUCR_374_2025",338,"4/1/26",27,"MinicoreUCR_374",5257
"IT96D-610",NA,NA,"GHC2501","MinicoreUCR_057","GHC2501_184",184,"UCR_mini_core",NA,NA,"UCR_MinicoreUCR_057_2025",84,"3/23/26",28,"MinicoreUCR_057",4943
"TVu-4669",NA,NA,"GHC2501","MinicoreUCR_262","GHC2501_359",359,"UCR_mini_core",NA,NA,"UCR_MinicoreUCR_262_2025",259,"3/30/26",28,"MinicoreUCR_262",5146
"TVu-16504",NA,NA,"GHC2501","MinicoreUCR_205","GHC2501_313",313,"UCR_mini_core",NA,NA,"UCR_MinicoreUCR_205_2025",213,"3/16/26",29,"MinicoreUCR_205",5090
"TVu-4984",NA,NA,"GHC2501","MinicoreUCR_265","GHC2501_362",362,"UCR_mini_core",NA,NA,"UCR_MinicoreUCR_265_2025",262,"4/1/26",29,"MinicoreUCR_265",5149
"UCR_24",NA,"UCR 24","GHC2501","MinicoreUCR_363","GHC2501_432",432,"UCR_mini_core",NA,NA,"UCR_MinicoreUCR_363_2025",332,"3/13/26",29,"MinicoreUCR_363",5247
"IT00K-901-6",NA,NA,"GHC2501","MinicoreUCR_042","GHC2501_169",169,"UCR_mini_core",NA,NA,"UCR_MinicoreUCR_042_2025",69,"3/6/26",30,"MinicoreUCR_042",4928
"KVx-421-25",NA,"KVx 421-25","GHC2501","MinicoreUCR_078","GHC2501_202",202,"UCR_mini_core",NA,NA,"UCR_MinicoreUCR_078_2025",102,"3/13/26",30,"MinicoreUCR_078",4964
"Lyg_321-2",NA,"Lyg 321-2","GHC2501","MinicoreUCR_083","GHC2501_207",207,"UCR_mini_core",NA,NA,"UCR_MinicoreUCR_083_2025",107,"3/13/26",30,"MinicoreUCR_083",4969
"TVu-14401",NA,NA,"GHC2501","MinicoreUCR_153","GHC2501_270",270,"UCR_mini_core",NA,NA,"UCR_MinicoreUCR_153_2025",170,NA,30,"MinicoreUCR_153",5039
"TVu-7625",NA,NA,"GHC2501","MinicoreUCR_290","GHC2501_375",375,"UCR_mini_core",NA,NA,"UCR_MinicoreUCR_290_2025",275,NA,30,"MinicoreUCR_290",5174
"UCR_1342",NA,"UCR 1342","GHC2501","MinicoreUCR_359","GHC2501_428",428,"UCR_mini_core",NA,NA,"UCR_MinicoreUCR_359_2025",328,NA,30,"MinicoreUCR_359",5243
"Cp_5556",NA,"Cp 5556","GHC2501","MinicoreUCR_393","GHC2501_455",455,"UCR_mini_core",NA,NA,"UCR_MinicoreUCR_393_2025",355,"3/25/26",30,"MinicoreUCR_393",5887
"Vg72",NA,NA,"GHC2501","MinicoreUCR_401","GHC2501_462",462,"UCR_mini_core",NA,NA,"UCR_MinicoreUCR_401_2025",362,"3/12/26",30,"MinicoreUCR_401",5895
"TVu-1715",NA,NA,"GHC2501","MinicoreUCR_210","GHC2501_316",316,"UCR_mini_core",NA,NA,"UCR_MinicoreUCR_210_2025",216,"3/16/26",31,"MinicoreUCR_210",5095
"TVu-2168",NA,NA,"GHC2501","MinicoreUCR_219","GHC2501_323",323,"UCR_mini_core",NA,NA,"UCR_MinicoreUCR_219_2025",223,NA,31,"MinicoreUCR_219",5104
"CB46",NA,NA,"GHC2501","MinicoreUCR_403","GHC2501_464",464,"UCR_mini_core",NA,NA,"UCR_MinicoreUCR_403_2025",364,"3/13/26",31,"MinicoreUCR_403",9043
"Mougne",NA,NA,"GHC2501","MinicoreUCR_087","GHC2501_210",210,"UCR_mini_core",NA,NA,"UCR_MinicoreUCR_087_2025",110,NA,32,"MinicoreUCR_087",4973
"TVu-2280",NA,NA,"GHC2501","MinicoreUCR_220","GHC2501_324",324,"UCR_mini_core",NA,NA,"UCR_MinicoreUCR_220_2025",224,"3/23/26",32,"MinicoreUCR_220",5105
"IT84S-2246",NA,NA,"GHC2501","MinicoreUCR_046","GHC2501_173",173,"UCR_mini_core",NA,NA,"UCR_MinicoreUCR_046_2025",73,"3/13/26",33,"MinicoreUCR_046",4932
"IT93K-503-1",NA,NA,"GHC2501","MinicoreUCR_051","GHC2501_178",178,"UCR_mini_core",NA,NA,"UCR_MinicoreUCR_051_2025",78,"3/30/26",33,"MinicoreUCR_051",4937
"IT97K-499-39-1-1",NA,NA,"GHC2501","MinicoreUCR_062","GHC2501_189",189,"UCR_mini_core",NA,NA,"UCR_MinicoreUCR_062_2025",89,"3/13/26",33,"MinicoreUCR_062",4948
"TVu-16505",NA,NA,"GHC2501","MinicoreUCR_206","GHC2501_314",314,"UCR_mini_core",NA,NA,"UCR_MinicoreUCR_206_2025",214,"3/23/26",33,"MinicoreUCR_206",5091
"IT98D-1399",NA,NA,"GHC2501","MinicoreUCR_066","GHC2501_192",192,"UCR_mini_core",NA,NA,"UCR_MinicoreUCR_066_2025",92,"3/11/26",34,"MinicoreUCR_066",4952
"TVu-2680",NA,NA,"GHC2501","MinicoreUCR_227","GHC2501_331",331,"UCR_mini_core",NA,NA,"UCR_MinicoreUCR_227_2025",231,"3/16/26",34,"MinicoreUCR_227",5112
"TVu-415",NA,NA,"GHC2501","MinicoreUCR_253","GHC2501_352",352,"UCR_mini_core",NA,NA,"UCR_MinicoreUCR_253_2025",252,NA,34,"MinicoreUCR_253",5137
"TVu-4711",NA,NA,"GHC2501","MinicoreUCR_264","GHC2501_361",361,"UCR_mini_core",NA,NA,"UCR_MinicoreUCR_264_2025",261,"3/16/26",34,"MinicoreUCR_264",5148
"TVu-7642",NA,NA,"GHC2501","MinicoreUCR_291","GHC2501_376",376,"UCR_mini_core",NA,NA,"UCR_MinicoreUCR_291_2025",276,"4/1/26",34,"MinicoreUCR_291",5175
"IT97K-499-35-1-1",NA,NA,"GHC2501","MinicoreUCR_061","GHC2501_188",188,"UCR_mini_core",NA,NA,"UCR_MinicoreUCR_061_2025",88,"3/16/26",35,"MinicoreUCR_061",4947
"TVu-12746",NA,NA,"GHC2501","MinicoreUCR_119","GHC2501_238",238,"UCR_mini_core",NA,NA,"UCR_MinicoreUCR_119_2025",138,"3/19/26",35,"MinicoreUCR_119",5005
"TVu-15610",NA,NA,"GHC2501","MinicoreUCR_178","GHC2501_291",291,"UCR_mini_core",NA,NA,"UCR_MinicoreUCR_178_2025",191,"3/13/26",35,"MinicoreUCR_178",5063
"TVu-8656",NA,NA,"GHC2501","MinicoreUCR_313","GHC2501_392",392,"UCR_mini_core",NA,NA,"UCR_MinicoreUCR_313_2025",292,"4/1/26",36,"MinicoreUCR_313",5197
"TVu-9516",NA,NA,"GHC2501","MinicoreUCR_343","GHC2501_413",413,"UCR_mini_core",NA,NA,"UCR_MinicoreUCR_343_2025",313,"4/1/26",36,"MinicoreUCR_343",5227
"IT83D-442",NA,NA,"GHC2501","MinicoreUCR_044","GHC2501_171",171,"UCR_mini_core",NA,NA,"UCR_MinicoreUCR_044_2025",71,"3/27/26",37,"MinicoreUCR_044",4930
"IT84S-2049",NA,NA,"GHC2501","MinicoreUCR_045","GHC2501_172",172,"UCR_mini_core",NA,NA,"UCR_MinicoreUCR_045_2025",72,"3/10/26",37,"MinicoreUCR_045",4931
"Mouride",NA,NA,"GHC2501","MinicoreUCR_088","GHC2501_211",211,"UCR_mini_core",NA,NA,"UCR_MinicoreUCR_088_2025",111,"3/13/26",37,"MinicoreUCR_088",4974
"TVu-1059",NA,NA,"GHC2501","MinicoreUCR_113","GHC2501_232",232,"UCR_mini_core",NA,NA,"UCR_MinicoreUCR_113_2025",132,"3/16/26",37,"MinicoreUCR_113",4999
"TVu-15445",NA,NA,"GHC2501","MinicoreUCR_174","GHC2501_288",288,"UCR_mini_core",NA,NA,"UCR_MinicoreUCR_174_2025",188,"4/1/26",37,"MinicoreUCR_174",5059
"TVu-2723",NA,NA,"GHC2501","MinicoreUCR_228","GHC2501_332",332,"UCR_mini_core",NA,NA,"UCR_MinicoreUCR_228_2025",232,NA,37,"MinicoreUCR_228",5113
"TVu-3657",NA,NA,"GHC2501","MinicoreUCR_243","GHC2501_345",345,"UCR_mini_core",NA,NA,"UCR_MinicoreUCR_243_2025",245,NA,37,"MinicoreUCR_243",5128
"TVu-6641",NA,NA,"GHC2501","MinicoreUCR_274","GHC2501_370",370,"UCR_mini_core",NA,NA,"UCR_MinicoreUCR_274_2025",270,NA,37,"MinicoreUCR_274",5158
"TVu-9651",NA,NA,"GHC2501","MinicoreUCR_348","GHC2501_418",418,"UCR_mini_core",NA,NA,"UCR_MinicoreUCR_348_2025",318,"3/13/26",37,"MinicoreUCR_348",5232
"INIA-40",NA,NA,"GHC2501","MinicoreUCR_037","GHC2501_165",165,"UCR_mini_core",NA,NA,"UCR_MinicoreUCR_037_2025",65,"3/25/26",38,"MinicoreUCR_037",4923
"TVu-2845",NA,NA,"GHC2501","MinicoreUCR_231","GHC2501_334",334,"UCR_mini_core",NA,NA,"UCR_MinicoreUCR_231_2025",234,"3/23/26",38,"MinicoreUCR_231",5116
"TVu-6464",NA,NA,"GHC2501","MinicoreUCR_271","GHC2501_368",368,"UCR_mini_core",NA,NA,"UCR_MinicoreUCR_271_2025",268,"4/1/26",38,"MinicoreUCR_271",5155
"UCR_5353",NA,"UCR 5353","GHC2501","MinicoreUCR_378","GHC2501_441",441,"UCR_mini_core",NA,NA,"UCR_MinicoreUCR_378_2025",341,"3/13/26",38,"MinicoreUCR_378",5261
"TVu-12923",NA,NA,"GHC2501","MinicoreUCR_124","GHC2501_243",243,"UCR_mini_core",NA,NA,"UCR_MinicoreUCR_124_2025",143,NA,39,"MinicoreUCR_124",5010
"TVu-14224",NA,NA,"GHC2501","MinicoreUCR_144","GHC2501_261",261,"UCR_mini_core",NA,NA,"UCR_MinicoreUCR_144_2025",161,"3/12/26",39,"MinicoreUCR_144",5030
"Cp_4877",NA,"Cp 4877","GHC2501","MinicoreUCR_391","GHC2501_453",453,"UCR_mini_core",NA,NA,"UCR_MinicoreUCR_391_2025",353,"3/16/26",39,"MinicoreUCR_391",5885
"Vg73",NA,NA,"GHC2501","MinicoreUCR_402","GHC2501_463",463,"UCR_mini_core",NA,NA,"UCR_MinicoreUCR_402_2025",363,"3/20/26",39,"MinicoreUCR_402",5896
"IT98K-498-1",NA,NA,"GHC2501","MinicoreUCR_072","GHC2501_197",197,"UCR_mini_core",NA,NA,"UCR_MinicoreUCR_072_2025",97,"3/16/26",40,"MinicoreUCR_072",4958
"TVu-8072",NA,NA,"GHC2501","MinicoreUCR_303","GHC2501_385",385,"UCR_mini_core",NA,NA,"UCR_MinicoreUCR_303_2025",285,"3/16/26",40,"MinicoreUCR_303",5187
"KVx-403-P-20-T",NA,"KVx 403-P-20-T","GHC2501","MinicoreUCR_077","GHC2501_201",201,"UCR_mini_core",NA,NA,"UCR_MinicoreUCR_077_2025",101,"3/31/26",41,"MinicoreUCR_077",4963
"TVu-13778",NA,NA,"GHC2501","MinicoreUCR_134","GHC2501_251",251,"UCR_mini_core",NA,NA,"UCR_MinicoreUCR_134_2025",151,NA,41,"MinicoreUCR_134",5020
"TVu-14862",NA,NA,"GHC2501","MinicoreUCR_161","GHC2501_277",277,"UCR_mini_core",NA,NA,"UCR_MinicoreUCR_161_2025",177,NA,41,"MinicoreUCR_161",5047
"TVu-1811",NA,NA,"GHC2501","MinicoreUCR_214","GHC2501_320",320,"UCR_mini_core",NA,NA,"UCR_MinicoreUCR_214_2025",220,"3/16/26",41,"MinicoreUCR_214",5099
"TVu-10513",NA,NA,"GHC2501","MinicoreUCR_112","GHC2501_231",231,"UCR_mini_core",NA,NA,"UCR_MinicoreUCR_112_2025",131,NA,42,"MinicoreUCR_112",4998
"TVu-14190",NA,NA,"GHC2501","MinicoreUCR_142","GHC2501_259",259,"UCR_mini_core",NA,NA,"UCR_MinicoreUCR_142_2025",159,"3/16/26",42,"MinicoreUCR_142",5028
"TVu-1036",NA,NA,"GHC2501","MinicoreUCR_108","GHC2501_227",227,"UCR_mini_core",NA,NA,"UCR_MinicoreUCR_108_2025",127,NA,43,"MinicoreUCR_108",4994
"TVu-2933",NA,NA,"GHC2501","MinicoreUCR_232","GHC2501_335",335,"UCR_mini_core",NA,NA,"UCR_MinicoreUCR_232_2025",235,"3/16/26",43,"MinicoreUCR_232",5117
"TVu-7684",NA,NA,"GHC2501","MinicoreUCR_293","GHC2501_377",377,"UCR_mini_core",NA,NA,"UCR_MinicoreUCR_293_2025",277,NA,43,"MinicoreUCR_293",5177
"TVu-1037",NA,NA,"GHC2501","MinicoreUCR_110","GHC2501_229",229,"UCR_mini_core",NA,NA,"UCR_MinicoreUCR_110_2025",129,NA,44,"MinicoreUCR_110",4996
"TVu-14253",NA,NA,"GHC2501","MinicoreUCR_146","GHC2501_263",263,"UCR_mini_core",NA,NA,"UCR_MinicoreUCR_146_2025",163,"3/16/26",44,"MinicoreUCR_146",5032
"TVu-21",NA,NA,"GHC2501","MinicoreUCR_218","GHC2501_322",322,"UCR_mini_core",NA,NA,"UCR_MinicoreUCR_218_2025",222,"3/30/26",44,"MinicoreUCR_218",5103
"UCR_3326",NA,"UCR 3326","GHC2501","MinicoreUCR_369","GHC2501_435",435,"UCR_mini_core",NA,NA,"UCR_MinicoreUCR_369_2025",335,"3/16/26",44,"MinicoreUCR_369",5253
"UCR_5385",NA,"UCR 5385","GHC2501","MinicoreUCR_379","GHC2501_442",442,"UCR_mini_core",NA,NA,"UCR_MinicoreUCR_379_2025",342,"3/12/26",44,"MinicoreUCR_379",5262
"IT98K-128-4",NA,NA,"GHC2501","MinicoreUCR_069","GHC2501_194",194,"UCR_mini_core",NA,NA,"UCR_MinicoreUCR_069_2025",94,"3/23/26",45,"MinicoreUCR_069",4955
"TVu-14759",NA,NA,"GHC2501","MinicoreUCR_159","GHC2501_275",275,"UCR_mini_core",NA,NA,"UCR_MinicoreUCR_159_2025",175,"3/16/26",45,"MinicoreUCR_159",5045
"TVu-1609",NA,NA,"GHC2501","MinicoreUCR_192","GHC2501_302",302,"UCR_mini_core",NA,NA,"UCR_MinicoreUCR_192_2025",202,"3/13/26",45,"MinicoreUCR_192",5077
"TVu-8671",NA,NA,"GHC2501","MinicoreUCR_314","GHC2501_393",393,"UCR_mini_core",NA,NA,"UCR_MinicoreUCR_314_2025",293,NA,45,"MinicoreUCR_314",5198
"Ife_Brown",NA,"Ife Brown","GHC2501","MinicoreUCR_033","GHC2501_161",161,"UCR_mini_core",NA,NA,"UCR_MinicoreUCR_033_2025",61,"3/5/26",46,"MinicoreUCR_033",4919
"TVu-43",NA,NA,"GHC2501","MinicoreUCR_254","GHC2501_353",353,"UCR_mini_core",NA,NA,"UCR_MinicoreUCR_254_2025",253,"4/1/26",46,"MinicoreUCR_254",5138
"TVu-8622",NA,NA,"GHC2501","MinicoreUCR_310","GHC2501_390",390,"UCR_mini_core",NA,NA,"UCR_MinicoreUCR_310_2025",290,NA,46,"MinicoreUCR_310",5194
"TVu-9474",NA,NA,"GHC2501","MinicoreUCR_338","GHC2501_408",408,"UCR_mini_core",NA,NA,"UCR_MinicoreUCR_338_2025",308,"4/1/26",47,"MinicoreUCR_338",5222
"TVu-9492",NA,NA,"GHC2501","MinicoreUCR_340","GHC2501_410",410,"UCR_mini_core",NA,NA,"UCR_MinicoreUCR_340_2025",310,NA,47,"MinicoreUCR_340",5224
"TVu-9866",NA,NA,"GHC2501","MinicoreUCR_356","GHC2501_425",425,"UCR_mini_core",NA,NA,"UCR_MinicoreUCR_356_2025",325,NA,47,"MinicoreUCR_356",5240
"TVu-9522",NA,NA,"GHC2501","MinicoreUCR_344","GHC2501_414",414,"UCR_mini_core",NA,NA,"UCR_MinicoreUCR_344_2025",314,"4/1/26",48,"MinicoreUCR_344",5228
"TVu-972",NA,NA,"GHC2501","MinicoreUCR_351","GHC2501_420",420,"UCR_mini_core",NA,NA,"UCR_MinicoreUCR_351_2025",320,"3/16/26",48,"MinicoreUCR_351",5235
"INIA-72",NA,NA,"GHC2501","MinicoreUCR_040","GHC2501_168",168,"UCR_mini_core",NA,NA,"UCR_MinicoreUCR_040_2025",68,"3/31/26",49,"MinicoreUCR_040",4926
"IT85F-867-5",NA,NA,"GHC2501","MinicoreUCR_047","GHC2501_174",174,"UCR_mini_core",NA,NA,"UCR_MinicoreUCR_047_2025",74,"3/26/26",50,"MinicoreUCR_047",4933
"TVu-12873",NA,NA,"GHC2501","MinicoreUCR_122","GHC2501_241",241,"UCR_mini_core",NA,NA,"UCR_MinicoreUCR_122_2025",141,"3/13/26",50,"MinicoreUCR_122",5008
"58-57",NA,NA,"GHC2501","MinicoreUCR_005","GHC2501_142",142,"UCR_mini_core",NA,NA,"UCR_MinicoreUCR_005_2025",42,"3/30/26",51,"MinicoreUCR_005",4891
"TVu-14875",NA,NA,"GHC2501","MinicoreUCR_162","GHC2501_278",278,"UCR_mini_core",NA,NA,"UCR_MinicoreUCR_162_2025",178,NA,51,"MinicoreUCR_162",5048
"TVu-16368",NA,NA,"GHC2501","MinicoreUCR_199","GHC2501_308",308,"UCR_mini_core",NA,NA,"UCR_MinicoreUCR_199_2025",208,NA,51,"MinicoreUCR_199",5084
"UCR_5164",NA,"UCR 5164","GHC2501","MinicoreUCR_372","GHC2501_436",436,"UCR_mini_core",NA,NA,"UCR_MinicoreUCR_372_2025",336,"3/10/26",51,"MinicoreUCR_372",4985
"Vg58",NA,NA,"GHC2501","MinicoreUCR_398","GHC2501_460",460,"UCR_mini_core",NA,NA,"UCR_MinicoreUCR_398_2025",360,"3/16/26",51,"MinicoreUCR_398",5892
"Vazzano_Brown",NA,"Vazzano Brown","GHC2501","MinicoreUCR_389","GHC2501_451",451,"UCR_mini_core",NA,NA,"UCR_MinicoreUCR_389_2025",351,"3/16/26",52,"MinicoreUCR_389",5726
"Cp_5647",NA,"Cp 5647","GHC2501","MinicoreUCR_394","GHC2501_456",456,"UCR_mini_core",NA,NA,"UCR_MinicoreUCR_394_2025",356,"3/16/26",52,"MinicoreUCR_394",5888
"TVu-14346",NA,NA,"GHC2501","MinicoreUCR_151","GHC2501_268",268,"UCR_mini_core",NA,NA,"UCR_MinicoreUCR_151_2025",168,"3/16/26",53,"MinicoreUCR_151",5037
"TVu-15636",NA,NA,"GHC2501","MinicoreUCR_179","GHC2501_292",292,"UCR_mini_core",NA,NA,"UCR_MinicoreUCR_179_2025",192,"3/16/26",53,"MinicoreUCR_179",5064
"TVu-8082",NA,NA,"GHC2501","MinicoreUCR_304","GHC2501_386",386,"UCR_mini_core",NA,NA,"UCR_MinicoreUCR_304_2025",286,NA,53,"MinicoreUCR_304",5188
"TVu-9506",NA,NA,"GHC2501","MinicoreUCR_341","GHC2501_411",411,"UCR_mini_core",NA,NA,"UCR_MinicoreUCR_341_2025",311,"3/16/26",53,"MinicoreUCR_341",5225
"TVu-264",NA,NA,"GHC2501","MinicoreUCR_226","GHC2501_330",330,"UCR_mini_core",NA,NA,"UCR_MinicoreUCR_226_2025",230,NA,54,"MinicoreUCR_226",5111
"KVx-396-4-5-20",NA,"KVx 396-4-5-20","GHC2501","MinicoreUCR_076","GHC2501_200",200,"UCR_mini_core",NA,NA,"UCR_MinicoreUCR_076_2025",100,"3/30/26",55,"MinicoreUCR_076",4962
"TVu-8631",NA,NA,"GHC2501","MinicoreUCR_311","GHC2501_391",391,"UCR_mini_core",NA,NA,"UCR_MinicoreUCR_311_2025",291,"4/1/26",55,"MinicoreUCR_311",5195
"TVu-9557",NA,NA,"GHC2501","MinicoreUCR_346","GHC2501_416",416,"UCR_mini_core",NA,NA,"UCR_MinicoreUCR_346_2025",316,"3/13/26",55,"MinicoreUCR_346",5230
"IT97K-569-9",NA,NA,"GHC2501","MinicoreUCR_064","GHC2501_191",191,"UCR_mini_core",NA,NA,"UCR_MinicoreUCR_064_2025",91,"3/27/26",56,"MinicoreUCR_064",4950
"TVu-16465",NA,NA,"GHC2501","MinicoreUCR_204","GHC2501_312",312,"UCR_mini_core",NA,NA,"UCR_MinicoreUCR_204_2025",212,"3/23/26",56,"MinicoreUCR_204",5089
"UCR_193",NA,"UCR 193","GHC2501","MinicoreUCR_362","GHC2501_431",431,"UCR_mini_core",NA,NA,"UCR_MinicoreUCR_362_2025",331,"3/16/26",56,"MinicoreUCR_362",5246
"Vazzano_Black",NA,"Vazzano Black","GHC2501","MinicoreUCR_390","GHC2501_452",452,"UCR_mini_core",NA,NA,"UCR_MinicoreUCR_390_2025",352,"3/13/26",56,"MinicoreUCR_390",5725
"TVu-9620",NA,NA,"GHC2501","MinicoreUCR_347","GHC2501_417",417,"UCR_mini_core",NA,NA,"UCR_MinicoreUCR_347_2025",317,"3/25/26",58,"MinicoreUCR_347",5231
"Vg62",NA,NA,"GHC2501","MinicoreUCR_399","GHC2501_461",461,"UCR_mini_core",NA,NA,"UCR_MinicoreUCR_399_2025",361,"3/13/26",58,"MinicoreUCR_399",5893
"TVu-13965",NA,NA,"GHC2501","MinicoreUCR_138","GHC2501_255",255,"UCR_mini_core",NA,NA,"UCR_MinicoreUCR_138_2025",155,"3/19/26",59,"MinicoreUCR_138",5024
"TVu-4622",NA,NA,"GHC2501","MinicoreUCR_260","GHC2501_358",358,"UCR_mini_core",NA,NA,"UCR_MinicoreUCR_260_2025",258,"3/23/26",59,"MinicoreUCR_260",5144
"TVu-9469",NA,NA,"GHC2501","MinicoreUCR_337","GHC2501_407",407,"UCR_mini_core",NA,NA,"UCR_MinicoreUCR_337_2025",307,NA,59,"MinicoreUCR_337",5221
"TVu-16521",NA,NA,"GHC2501","MinicoreUCR_207","GHC2501_315",315,"UCR_mini_core",NA,NA,"UCR_MinicoreUCR_207_2025",215,NA,60,"MinicoreUCR_207",5092
"TVu-8877",NA,NA,"GHC2501","MinicoreUCR_322","GHC2501_398",398,"UCR_mini_core",NA,NA,"UCR_MinicoreUCR_322_2025",298,NA,60,"MinicoreUCR_322",5206
"TVu-9749",NA,NA,"GHC2501","MinicoreUCR_352","GHC2501_421",421,"UCR_mini_core",NA,NA,"UCR_MinicoreUCR_352_2025",321,"3/13/26",60,"MinicoreUCR_352",5236
"UCR_830",NA,"UCR 830","GHC2501","MinicoreUCR_383","GHC2501_446",446,"UCR_mini_core",NA,NA,"UCR_MinicoreUCR_383_2025",346,NA,61,"MinicoreUCR_383",5266
"TVu-14621",NA,NA,"GHC2501","MinicoreUCR_155","GHC2501_272",272,"UCR_mini_core",NA,NA,"UCR_MinicoreUCR_155_2025",172,NA,62,"MinicoreUCR_155",5041
"TVu-9095",NA,NA,"GHC2501","MinicoreUCR_329","GHC2501_400",400,"UCR_mini_core",NA,NA,"UCR_MinicoreUCR_329_2025",300,"4/1/26",62,"MinicoreUCR_329",5213
"UCR_5280",NA,"UCR 5280","GHC2501","MinicoreUCR_376","GHC2501_440",440,"UCR_mini_core",NA,NA,"UCR_MinicoreUCR_376_2025",340,NA,62,"MinicoreUCR_376",5259
"UCR_162",NA,"UCR 162","GHC2501","MinicoreUCR_361","GHC2501_430",430,"UCR_mini_core",NA,NA,"UCR_MinicoreUCR_361_2025",330,"3/16/26",64,"MinicoreUCR_361",5245
"TVu-16237",NA,NA,"GHC2501","MinicoreUCR_194","GHC2501_304",304,"UCR_mini_core",NA,NA,"UCR_MinicoreUCR_194_2025",204,"3/16/26",65,"MinicoreUCR_194",5079
"TVu-6356",NA,NA,"GHC2501","MinicoreUCR_268","GHC2501_365",365,"UCR_mini_core",NA,NA,"UCR_MinicoreUCR_268_2025",265,NA,65,"MinicoreUCR_268",5152
"TVu-8702",NA,NA,"GHC2501","MinicoreUCR_316","GHC2501_395",395,"UCR_mini_core",NA,NA,"UCR_MinicoreUCR_316_2025",295,"4/1/26",66,"MinicoreUCR_316",5200
"TVu-9393",NA,NA,"GHC2501","MinicoreUCR_334","GHC2501_405",405,"UCR_mini_core",NA,NA,"UCR_MinicoreUCR_334_2025",305,"4/1/26",66,"MinicoreUCR_334",5218
"TVu-16408",NA,NA,"GHC2501","MinicoreUCR_202","GHC2501_311",311,"UCR_mini_core",NA,NA,"UCR_MinicoreUCR_202_2025",211,"3/16/26",68,"MinicoreUCR_202",5087
"TVu-9556",NA,NA,"GHC2501","MinicoreUCR_345","GHC2501_415",415,"UCR_mini_core",NA,NA,"UCR_MinicoreUCR_345_2025",315,"3/16/26",68,"MinicoreUCR_345",5229
"TVu-1556",NA,NA,"GHC2501","MinicoreUCR_176","GHC2501_289",289,"UCR_mini_core",NA,NA,"UCR_MinicoreUCR_176_2025",189,"4/1/26",70,"MinicoreUCR_176",5061
"TVu-13939",NA,NA,"GHC2501","MinicoreUCR_135","GHC2501_252",252,"UCR_mini_core",NA,NA,"UCR_MinicoreUCR_135_2025",152,"3/16/26",71,"MinicoreUCR_135",5021
"TVu-16304",NA,NA,"GHC2501","MinicoreUCR_198","GHC2501_307",307,"UCR_mini_core",NA,NA,"UCR_MinicoreUCR_198_2025",207,"3/19/26",71,"MinicoreUCR_198",5083
"TVu-15973",NA,NA,"GHC2501","MinicoreUCR_190","GHC2501_300",300,"UCR_mini_core",NA,NA,"UCR_MinicoreUCR_190_2025",200,NA,72,"MinicoreUCR_190",5075
"TVu-84",NA,NA,"GHC2501","MinicoreUCR_308","GHC2501_388",388,"UCR_mini_core",NA,NA,"UCR_MinicoreUCR_308_2025",288,NA,73,"MinicoreUCR_308",5192
"TVu-9508",NA,NA,"GHC2501","MinicoreUCR_342","GHC2501_412",412,"UCR_mini_core",NA,NA,"UCR_MinicoreUCR_342_2025",312,"3/16/26",73,"MinicoreUCR_342",5226
"TVu-14248",NA,NA,"GHC2501","MinicoreUCR_145","GHC2501_262",262,"UCR_mini_core",NA,NA,"UCR_MinicoreUCR_145_2025",162,NA,76,"MinicoreUCR_145",5031
"TVu-946",NA,NA,"GHC2501","MinicoreUCR_335","GHC2501_406",406,"UCR_mini_core",NA,NA,"UCR_MinicoreUCR_335_2025",306,NA,78,"MinicoreUCR_335",5219
"TVu-1886",NA,NA,"GHC2501","MinicoreUCR_215","GHC2501_321",321,"UCR_mini_core",NA,NA,"UCR_MinicoreUCR_215_2025",221,"3/30/26",82,"MinicoreUCR_215",5100
"TVu-3360",NA,NA,"GHC2501","MinicoreUCR_239","GHC2501_342",342,"UCR_mini_core",NA,NA,"UCR_MinicoreUCR_239_2025",242,NA,83,"MinicoreUCR_239",5124
"TVu-3076",NA,NA,"GHC2501","MinicoreUCR_236","GHC2501_339",339,"UCR_mini_core",NA,NA,"UCR_MinicoreUCR_236_2025",239,NA,85,"MinicoreUCR_236",5121
"TVu-3043",NA,NA,"GHC2501","MinicoreUCR_235","GHC2501_338",338,"UCR_mini_core",NA,NA,"UCR_MinicoreUCR_235_2025",238,NA,86,"MinicoreUCR_235",5120
"TVu-3156",NA,NA,"GHC2501","MinicoreUCR_237","GHC2501_340",340,"UCR_mini_core",NA,NA,"UCR_MinicoreUCR_237_2025",240,"4/1/26",88,"MinicoreUCR_237",5122
"TVu-16220",NA,NA,"GHC2501","MinicoreUCR_193","GHC2501_303",303,"UCR_mini_core",NA,NA,"UCR_MinicoreUCR_193_2025",203,"3/10/26",90,"MinicoreUCR_193",5078
"TVu-2398",NA,NA,"GHC2501","MinicoreUCR_222","GHC2501_326",326,"UCR_mini_core",NA,NA,"UCR_MinicoreUCR_222_2025",226,"4/1/26",90,"MinicoreUCR_222",5107
"TVu-12710",NA,NA,"GHC2501","MinicoreUCR_118","GHC2501_237",237,"UCR_mini_core",NA,NA,"UCR_MinicoreUCR_118_2025",137,"4/1/26",99,"MinicoreUCR_118",5004
"TVu-2968",NA,NA,"GHC2501","MinicoreUCR_233","GHC2501_336",336,"UCR_mini_core",NA,NA,"UCR_MinicoreUCR_233_2025",236,"4/1/26",140,"MinicoreUCR_233",5118
"PI 535810",NA,"US-432",NA,NA,NA,NA,"GRIN",NA,NA,"GRIN_PI535810_2026",NA,NA,NA,NA,NA
"PI 564741",NA,"Carolina Sugar",NA,NA,NA,NA,"GRIN",NA,NA,"GRIN_PI564741_2026",NA,NA,NA,NA,NA
"PI 578897",NA,"Grif 9058",NA,NA,NA,NA,"GRIN",NA,NA,"GRIN_PI578897_2026",NA,NA,NA,NA,NA
"PI 591476",NA,"Kunde Zulu",NA,NA,NA,NA,"GRIN",NA,NA,"GRIN_PI591476_2026",NA,NA,NA,NA,NA
"PI 597804",NA,"Charleston Greenpack",NA,NA,NA,NA,"GRIN",NA,NA,"GRIN_PI597804_2026",NA,NA,NA,NA,NA
"PI 601359",NA,"Pinkeye Pink Pod",NA,NA,NA,NA,"GRIN",NA,NA,"GRIN_PI601359_2026",NA,NA,NA,NA,NA
"PI 601453",NA,"CT Pinkeye Purplehull",NA,NA,NA,NA,"GRIN",NA,NA,"GRIN_PI601453_2026",NA,NA,NA,NA,NA
"PI 606785",NA,"Petite-N-Green",NA,NA,NA,NA,"GRIN",NA,NA,"GRIN_PI606785_2026",NA,NA,NA,NA,NA
"PI 302457",NA,"TVu-1628",NA,NA,NA,NA,"GRIN",NA,NA,"GRIN_PI302457_2026",NA,NA,NA,NA,NA
"PI 302458",NA,"Tvu-2612",NA,NA,NA,NA,"GRIN",NA,NA,"GRIN_PI302458_2026",NA,NA,NA,NA,NA
"PI 532807",NA,"IT86D-1010",NA,NA,NA,NA,"GRIN",NA,NA,"GRIN_PI532807_2026",NA,NA,NA,NA,NA
"PI 582920",NA,"US 567",NA,NA,NA,NA,"GRIN",NA,NA,"GRIN_PI582920_2026",NA,NA,NA,NA,NA
"PI 663151",NA,"Carolina Cream",NA,NA,NA,NA,"GRIN",NA,NA,"GRIN_PI663151_2026",NA,NA,NA,NA,NA
"PI 663152",NA,"CR 22-2-21",NA,NA,NA,NA,"GRIN",NA,NA,"GRIN_PI663152_2026",NA,NA,NA,NA,NA
"PI 663153",NA,"CR 18-13-1",NA,NA,NA,NA,"GRIN",NA,NA,"GRIN_PI663153_2026",NA,NA,NA,NA,NA
"PI 664513",NA,"Santee Early Pinkeye",NA,NA,NA,NA,"GRIN",NA,NA,"GRIN_PI664513_2026",NA,NA,NA,NA,NA
"PI 664514",NA,"Kiawah",NA,NA,NA,NA,"GRIN",NA,NA,"GRIN_PI664514_2026",NA,NA,NA,NA,NA
"PI 664515",NA,"Bettergreen",NA,NA,NA,NA,"GRIN",NA,NA,"GRIN_PI664515_2026",NA,NA,NA,NA,NA
"PI 664516",NA,"Carolina Crowder",NA,NA,NA,NA,"GRIN",NA,NA,"GRIN_PI664516_2026",NA,NA,NA,NA,NA
"PI 664517",NA,"Bettergro Blackeye",NA,NA,NA,NA,"GRIN",NA,NA,"GRIN_PI664517_2026",NA,NA,NA,NA,NA
"PI 664518",NA,"Bettersnap",NA,NA,NA,NA,"GRIN",NA,NA,"GRIN_PI664518_2026",NA,NA,NA,NA,NA
"PI 664519",NA,"Tender Cream",NA,NA,NA,NA,"GRIN",NA,NA,"GRIN_PI664519_2026",NA,NA,NA,NA,NA
"PI 664520",NA,"Green Pixie",NA,NA,NA,NA,"GRIN",NA,NA,"GRIN_PI664520_2026",NA,NA,NA,NA,NA
"PI 664521",NA,"Charleston Blackeye",NA,NA,NA,NA,"GRIN",NA,NA,"GRIN_PI664521_2026",NA,NA,NA,NA,NA
"PI 664522",NA,"Charleston Nemagreen",NA,NA,NA,NA,"GRIN",NA,NA,"GRIN_PI664522_2026",NA,NA,NA,NA,NA
"PI 664523",NA,"DoubleGreen Delight",NA,NA,NA,NA,"GRIN",NA,NA,"GRIN_PI664523_2026",NA,NA,NA,NA,NA
"PI 664524",NA,"Green Dixie Blackeye",NA,NA,NA,NA,"GRIN",NA,NA,"GRIN_PI664524_2026",NA,NA,NA,NA,NA
"PI 664525",NA,"KnuckleHull-VNR",NA,NA,NA,NA,"GRIN",NA,NA,"GRIN_PI664525_2026",NA,NA,NA,NA,NA
"PI 664526",NA,"Baby Cream",NA,NA,NA,NA,"GRIN",NA,NA,"GRIN_PI664526_2026",NA,NA,NA,NA,NA
"PI 664527",NA,"ZipperCream-GC",NA,NA,NA,NA,"GRIN",NA,NA,"GRIN_PI664527_2026",NA,NA,NA,NA,NA
"PI 664528",NA,"WhiteAcre-DG",NA,NA,NA,NA,"GRIN",NA,NA,"GRIN_PI664528_2026",NA,NA,NA,NA,NA
"PI 664529",NA,"US-311",NA,NA,NA,NA,"GRIN",NA,NA,"GRIN_PI664529_2026",NA,NA,NA,NA,NA
"PI 664530",NA,"US-427",NA,NA,NA,NA,"GRIN",NA,NA,"GRIN_PI664530_2026",NA,NA,NA,NA,NA
"PI 664531",NA,"US-1136",NA,NA,NA,NA,"GRIN",NA,NA,"GRIN_PI664531_2026",NA,NA,NA,NA,NA
"PI 664532",NA,"US-1137",NA,NA,NA,NA,"GRIN",NA,NA,"GRIN_PI664532_2026",NA,NA,NA,NA,NA
"PI 664533",NA,"US-1138",NA,NA,NA,NA,"GRIN",NA,NA,"GRIN_PI664533_2026",NA,NA,NA,NA,NA
"PI 664534",NA,"Colossus 80",NA,NA,NA,NA,"GRIN",NA,NA,"GRIN_PI664534_2026",NA,NA,NA,NA,NA
"PI 664535",NA,"CR 17-1-34",NA,NA,NA,NA,"GRIN",NA,NA,"GRIN_PI664535_2026",NA,NA,NA,NA,NA
"PI 666249",NA,"Colossus",NA,NA,NA,NA,"GRIN",NA,NA,"GRIN_PI666249_2026",NA,NA,NA,NA,NA
"Iron Clay",NA,NA,NA,NA,NA,NA,"commerical",NA,NA,"SouthernExposureSeedExchange_IronClay_2026",NA,NA,NA,NA,NA
"Top Pick Pinkeye Pea",NA,NA,NA,NA,NA,NA,"commerical",NA,NA,"Hoss_TopPickPinkeyePea_2024",NA,NA,NA,NA,NA
"Dixie Lee Pea",NA,NA,NA,NA,NA,NA,"commerical",NA,NA,"Hoss_DixieLeePea_2024",NA,NA,NA,NA,NA
"CoronetPinkeyePurplehull",NA,NA,NA,NA,NA,NA,"commerical",NA,NA,"KellySeedDillon_CoronetPinkeyePurplehull_2024",NA,NA,NA,NA,NA
