seedlot_name,population_name,accession_name,common_name,minicore_id,short_day,DNA_id,year,amount,weight_gram,operator_name,description,box_name,quality,source
HarrisSeed_CowpeaPhenomenal_2025,commercial,Cowpea Phenomenal,Cowpea Phenomenal,NA,,,2025,1061,226,W.Spivey,,,,Harris Seed
Hoss_DixieLeePea_2024,commercial,Dixie Lee Pea,Dixie Lee Pea,NA,,,2024,200,,W.Spivey,,,,Hoss
Hoss_MississippiPurplehullPea_2024,commercial,Mississippi Purplehull Pea,Mississippi Purplehull Pea,NA,,,2024,200,,W.Spivey,,,,Hoss
Hoss_MississippiPurplehullPea_2026,commercial,Mississippi Purplehull Pea,Mississippi Purplehull Pea,NA,,,2026,,453,W.Spivey,,,,Hoss
Hoss_TexasBigBoyPea_2024,commercial,Texas Big Boy Pea,Texas Big Boy Pea,NA,,,2024,,453,W.Spivey,,,,Hoss
Hoss_TopPickPinkeyePea_2024,commercial,Top Pick Pinkeye Pea,Top Pick Pinkeye Pea,NA,,,2024,,453,W.Spivey,,,,Hoss
Hoss_WhiteAcrePea_2024,commercial,White Acre Pea,White Acre Pea,NA,,,2024,200,,W.Spivey,,,,Hoss
Hoss_WhiteAcrePea_2026,commercial,White Acre Pea,White Acre Pea,NA,,,2026,,453,W.Spivey,,,,Hoss
KellySeedDillon_CoronetPinkeyePurplehull_2024,commercial,Coronet Pinkeye Purplehull,Coronet Pinkeye Purplehull,NA,,,2025,,2268,W.Spivey,,,,Kelly Seed Dillon
KellySeedDillon_DixieLeaPea_2024,commercial,Dixie Lee Pea,Dixie Lee Pea,NA,,,2025,,2268,W.Spivey,,,,Kelly Seed Dillon
SCCropImprovement_ClemsonPurple_2025,commercial,Clemson Purple,Clemson Purple,NA,,,2025,135,,W.Spivey,,,,SC Crop Improvement
SCCropImprovement_Colossus80_2025,commercial,Colossus 80,Colossus 80,NA,,,2025,70,,W.Spivey,,,,SC Crop Improvement
SCCropImprovement_OgleSouthernPea_2025,commercial,Ogle Southern Pea,Ogle Southern Pea,NA,,,2025,359,,W.Spivey,,,,SC Crop Improvement
SouthernExposureSeedExchange_Bettersnap_2025,commercial,Bettersnap,Bettersnap,NA,,,2025,75,11.02,W.Spivey,,,some seed discoloration/damage,Southern Exposure Seed Exchange
SouthernExposureSeedExchange_BigRedRipper_2025,commercial,Big Red Ripper,Big Red Ripper,NA,,,2025,107,24.8,W.Spivey,,,,Southern Exposure Seed Exchange
SouthernExposureSeedExchange_BigRedRipper_2026,commercial,Big Red Ripper,Big Red Ripper,NA,,,2026,338,53.65,W.Spivey,,,,Southern Exposure Seed Exchange
SouthernExposureSeedExchange_CarolinaCrowder_2025,commercial,Carolina Crowder,Carolina Crowder,NA,,,2025,111,35.38,W.Spivey,,,,Southern Exposure Seed Exchange
SouthernExposureSeedExchange_GreenDixieBlackeye_2025,commercial,Green Dixie Blackeye,Green Dixie Blackeye,NA,,,2025,304,50.83,W.Spivey,,,,Southern Exposure Seed Exchange
SouthernExposureSeedExchange_GreenDixieBlackeye_2026,commercial,Green Dixie Blackeye,Green Dixie Blackeye,NA,,,2026,366,57.26,W.Spivey,,,,Southern Exposure Seed Exchange
SouthernExposureSeedExchange_Hercules_2025,commercial,Hercules,Hercules,NA,,,2025,26,5.92,W.Spivey,,,,Southern Exposure Seed Exchange
SouthernExposureSeedExchange_Hercules_2026,commercial,Hercules,Hercules,NA,,,2026,202,56.59,W.Spivey,,,,Southern Exposure Seed Exchange
SouthernExposureSeedExchange_IronClay_2026,commercial,Iron Clay,Iron Clay,NA,,,2026,,114,W.Spivey,,,,
SouthernExposureSeedExchange_KiawahPinkeyePurpleHull_2025,commercial,Kiawah Pinkeye Purple Hull,Kiawah Pinkeye Purple Hull,NA,,,2025,353,70,W.Spivey,,,,Southern Exposure Seed Exchange
SouthernExposureSeedExchange_KiawahPinkeyePurpleHull_2026,commercial,Kiawah Pinkeye Purple Hull,Kiawah Pinkeye Purple Hull,NA,,,2026,311,56.06,W.Spivey,,,,Southern Exposure Seed Exchange
SouthernExposureSeedExchange_Knucklehull-VNR_2025,commercial,Knucklehull-VNR,Knucklehull-VNR,NA,,,2025,213,37.15,W.Spivey,,,,Southern Exposure Seed Exchange
SouthernExposureSeedExchange_Knucklehull-VNR_2026,commercial,Knucklehull-VNR,Knucklehull-VNR,NA,,,2026,295,55.2,W.Spivey,,,,Southern Exposure Seed Exchange
SouthernExposureSeedExchange_PapagoTohonoO'odham _2025,commercial,Papago Tohono O'odham,Papago Tohono O'odham,NA,,,2025,405,57,W.Spivey,,,,Southern Exposure Seed Exchange
SouthernExposureSeedExchange_ZipperCream_2025,commercial,Zipper Cream,Zipper Cream,NA,,,2025,73,16.35,W.Spivey,,,,Southern Exposure Seed Exchange
SouthernExposureSeedExchange_ZipperCream_2026,commercial,Zipper Cream,Zipper Cream,NA,,,2026,385,57.7,W.Spivey,,,,Southern Exposure Seed Exchange
UCR_MinicoreUCR_001_2025,UCR_mini_core,1393-1-2-3(-),,MinicoreUCR_001,,4887,2025,5,,W.Spivey,,,,
UCR_MinicoreUCR_002_2025,UCR_mini_core,24-125-B-1,,MinicoreUCR_002,1,4888,2025,5,,W.Spivey,,,,
UCR_MinicoreUCR_003_2025,UCR_mini_core,524B,524-B,MinicoreUCR_003,,4889,2025,5,,W.Spivey,,,,
UCR_MinicoreUCR_004_2025,UCR_mini_core,58-53,,MinicoreUCR_004,1,4890,2025,5,,W.Spivey,,,,
UCR_MinicoreUCR_005_2025,UCR_mini_core,58-57,,MinicoreUCR_005,,4891,2025,5,,W.Spivey,,,,
UCR_MinicoreUCR_006_2025,UCR_mini_core,Apagbaala,,MinicoreUCR_006,,4892,2025,5,,W.Spivey,,,,
UCR_MinicoreUCR_007_2025,UCR_mini_core,Bambey_21,Bambey 21,MinicoreUCR_007,,4893,2025,5,,W.Spivey,,,,
UCR_MinicoreUCR_008_2025,UCR_mini_core,Bun_22_Ghana,Bun 22 Ghana,MinicoreUCR_008,1,4894,2025,5,,W.Spivey,,,,
UCR_MinicoreUCR_010_2025,UCR_mini_core,Cameroon_12-58,Cameroon 12-58,MinicoreUCR_010,,4896,2025,5,,W.Spivey,,,,
UCR_MinicoreUCR_011_2025,UCR_mini_core,Cameroon_7-29,Cameroon 7-29,MinicoreUCR_011,1,4897,2025,5,,W.Spivey,,,,
UCR_MinicoreUCR_012_2025,UCR_mini_core,CB27,,MinicoreUCR_012,,4898,2025,5,,W.Spivey,,,,
UCR_MinicoreUCR_013_2025,UCR_mini_core,CB3,,MinicoreUCR_013,,4899,2025,5,,W.Spivey,,,,
UCR_MinicoreUCR_014_2025,UCR_mini_core,CB5-2,CB46 (but wrong),MinicoreUCR_014,,4900,2025,5,,W.Spivey,,,,
UCR_MinicoreUCR_020_2025,UCR_mini_core,China_501,China 501,MinicoreUCR_020,,4906,2025,5,,W.Spivey,,,,
UCR_MinicoreUCR_021_2025,UCR_mini_core,CRSP_Niebe,CRSP Niebe,MinicoreUCR_021,,4907,2025,5,,W.Spivey,,,,
UCR_MinicoreUCR_022_2025,UCR_mini_core,Danila,,MinicoreUCR_022,,4908,2025,5,,W.Spivey,,,,
UCR_MinicoreUCR_023_2025,UCR_mini_core,Early_Scarlet,Early Scarlet,MinicoreUCR_023,,4909,2025,5,,W.Spivey,,,,
UCR_MinicoreUCR_024_2025,UCR_mini_core,Ecute,,MinicoreUCR_024,,4910,2025,5,,W.Spivey,,,,
UCR_MinicoreUCR_025_2025,UCR_mini_core,Faef-14-Inhaca-E,,MinicoreUCR_025,,4911,2025,5,,W.Spivey,,,,
UCR_MinicoreUCR_026_2025,UCR_mini_core,FN-1-13-04,,MinicoreUCR_026,,4912,2025,5,,W.Spivey,,,,
UCR_MinicoreUCR_027_2025,UCR_mini_core,FN-1-14-04,,MinicoreUCR_027,,4913,2025,5,,W.Spivey,,,,
UCR_MinicoreUCR_029_2025,UCR_mini_core,FN-2-13-04,,MinicoreUCR_029,,4915,2025,5,,W.Spivey,,,,
UCR_MinicoreUCR_030_2025,UCR_mini_core,French_Bean,French Bean,MinicoreUCR_030,,4916,2025,5,,W.Spivey,,,,
UCR_MinicoreUCR_031_2025,UCR_mini_core,Gorda,,MinicoreUCR_031,,4917,2025,5,,W.Spivey,,,,
UCR_MinicoreUCR_032_2025,UCR_mini_core,IAR7/8-4-5-1,,MinicoreUCR_032,,4918,2025,5,,W.Spivey,,,,
UCR_MinicoreUCR_033_2025,UCR_mini_core,Ife_Brown,Ife Brown,MinicoreUCR_033,,4919,2025,5,,W.Spivey,,,,
UCR_MinicoreUCR_034_2025,UCR_mini_core,INIA-120,,MinicoreUCR_034,,5695,2025,5,,W.Spivey,,,,
UCR_MinicoreUCR_035_2025,UCR_mini_core,INIA-31,,MinicoreUCR_035,,4921,2025,5,,W.Spivey,,,,
UCR_MinicoreUCR_036_2025,UCR_mini_core,INIA-34,,MinicoreUCR_036,,4922,2025,5,,W.Spivey,,,,
UCR_MinicoreUCR_037_2025,UCR_mini_core,INIA-40,,MinicoreUCR_037,,4923,2025,5,,W.Spivey,,,,
UCR_MinicoreUCR_038_2025,UCR_mini_core,INIA-41,,MinicoreUCR_038,,4924,2025,5,,W.Spivey,,,,
UCR_MinicoreUCR_039_2025,UCR_mini_core,INIA-5E,,MinicoreUCR_039,,4925,2025,5,,W.Spivey,,,,
UCR_MinicoreUCR_040_2025,UCR_mini_core,INIA-72,,MinicoreUCR_040,,4926,2025,5,,W.Spivey,,,,
UCR_MinicoreUCR_041_2025,UCR_mini_core,Iron_Clay,Iron Clay,MinicoreUCR_041,1,5721,2025,5,,W.Spivey,,,,
UCR_MinicoreUCR_042_2025,UCR_mini_core,IT00K-901-6,,MinicoreUCR_042,,4928,2025,5,,W.Spivey,,,,
UCR_MinicoreUCR_043_2025,UCR_mini_core,IT82E-18,,MinicoreUCR_043,,4929,2025,5,,W.Spivey,,,,
UCR_MinicoreUCR_044_2025,UCR_mini_core,IT83D-442,,MinicoreUCR_044,,4930,2025,5,,W.Spivey,,,,
UCR_MinicoreUCR_045_2025,UCR_mini_core,IT84S-2049,,MinicoreUCR_045,,4931,2025,5,,W.Spivey,,,,
UCR_MinicoreUCR_046_2025,UCR_mini_core,IT84S-2246,,MinicoreUCR_046,,4932,2025,5,,W.Spivey,,,,
UCR_MinicoreUCR_047_2025,UCR_mini_core,IT85F-867-5,,MinicoreUCR_047,,4933,2025,5,,W.Spivey,,,,
UCR_MinicoreUCR_048_2025,UCR_mini_core,IT86D-364,,MinicoreUCR_048,,4934,2025,5,,W.Spivey,,,,
UCR_MinicoreUCR_049_2025,UCR_mini_core,IT89KD-288,,MinicoreUCR_049,,4935,2025,5,,W.Spivey,,,,
UCR_MinicoreUCR_050_2025,UCR_mini_core,IT93K-452-1,,MinicoreUCR_050,,4936,2025,5,,W.Spivey,,,,
UCR_MinicoreUCR_051_2025,UCR_mini_core,IT93K-503-1,,MinicoreUCR_051,,4937,2025,5,,W.Spivey,,,,
UCR_MinicoreUCR_052_2025,UCR_mini_core,IT95K-1093-5,,MinicoreUCR_052,,4938,2025,5,,W.Spivey,,,,
UCR_MinicoreUCR_053_2025,UCR_mini_core,IT95K-1105-5,,MinicoreUCR_053,,4939,2025,5,,W.Spivey,,,,
UCR_MinicoreUCR_054_2025,UCR_mini_core,IT95K-1479,,MinicoreUCR_054,,4940,2025,5,,W.Spivey,,,,
UCR_MinicoreUCR_055_2025,UCR_mini_core,IT95K-1491,,MinicoreUCR_055,,4941,2025,5,,W.Spivey,,,,
UCR_MinicoreUCR_056_2025,UCR_mini_core,IT95M-190,,MinicoreUCR_056,,4942,2025,5,,W.Spivey,,,,
UCR_MinicoreUCR_057_2025,UCR_mini_core,IT96D-610,,MinicoreUCR_057,,4943,2025,5,,W.Spivey,,,,
UCR_MinicoreUCR_058_2025,UCR_mini_core,IT97K-207-15,,MinicoreUCR_058,,4944,2025,5,,W.Spivey,,,,
UCR_MinicoreUCR_059_2025,UCR_mini_core,IT97K-207-21,,MinicoreUCR_059,,4945,2025,5,,W.Spivey,,,,
UCR_MinicoreUCR_060_2025,UCR_mini_core,IT97K-461-4,,MinicoreUCR_060,,4946,2025,5,,W.Spivey,,,,
UCR_MinicoreUCR_061_2025,UCR_mini_core,IT97K-499-35-1-1,,MinicoreUCR_061,,4947,2025,5,,W.Spivey,,,,
UCR_MinicoreUCR_062_2025,UCR_mini_core,IT97K-499-39-1-1,,MinicoreUCR_062,,4948,2025,5,,W.Spivey,,,,
UCR_MinicoreUCR_063_2025,UCR_mini_core,IT97K-556-6,,MinicoreUCR_063,,4949,2025,5,,W.Spivey,,,,
UCR_MinicoreUCR_064_2025,UCR_mini_core,IT97K-569-9,,MinicoreUCR_064,,4950,2025,5,,W.Spivey,,,,
UCR_MinicoreUCR_066_2025,UCR_mini_core,IT98D-1399,,MinicoreUCR_066,,4952,2025,5,,W.Spivey,,,,
UCR_MinicoreUCR_067_2025,UCR_mini_core,IT98K-1111-1,,MinicoreUCR_067,,4953,2025,5,,W.Spivey,,,,
UCR_MinicoreUCR_069_2025,UCR_mini_core,IT98K-128-4,,MinicoreUCR_069,,4955,2025,5,,W.Spivey,,,,
UCR_MinicoreUCR_070_2025,UCR_mini_core,IT98K-205-8,,MinicoreUCR_070,,4956,2025,5,,W.Spivey,,,,
UCR_MinicoreUCR_071_2025,UCR_mini_core,IT98K-428-2,,MinicoreUCR_071,,4957,2025,5,,W.Spivey,,,,
UCR_MinicoreUCR_072_2025,UCR_mini_core,IT98K-498-1,,MinicoreUCR_072,,4958,2025,5,,W.Spivey,,,,
UCR_MinicoreUCR_073_2025,UCR_mini_core,IT98K-555-1,,MinicoreUCR_073,,4959,2025,5,,W.Spivey,,,,
UCR_MinicoreUCR_075_2025,UCR_mini_core,IT99K-124-5,,MinicoreUCR_075,,4961,2025,5,,W.Spivey,,,,
UCR_MinicoreUCR_076_2025,UCR_mini_core,KVx-396-4-5-20,KVx 396-4-5-20,MinicoreUCR_076,,4962,2025,5,,W.Spivey,,,,
UCR_MinicoreUCR_077_2025,UCR_mini_core,KVx-403-P-20-T,KVx 403-P-20-T,MinicoreUCR_077,,4963,2025,5,,W.Spivey,,,,
UCR_MinicoreUCR_078_2025,UCR_mini_core,KVx-421-25,KVx 421-25,MinicoreUCR_078,,4964,2025,5,,W.Spivey,,,,
UCR_MinicoreUCR_079_2025,UCR_mini_core,KVx-442-3,KVx 442-3,MinicoreUCR_079,,4965,2025,5,,W.Spivey,,,,
UCR_MinicoreUCR_080_2025,UCR_mini_core,KVx-525,KVx 525,MinicoreUCR_080,,4966,2025,5,,W.Spivey,,,,
UCR_MinicoreUCR_081_2025,UCR_mini_core,KVx-61-1-1,KVx61-1-1,MinicoreUCR_081,,4967,2025,5,,W.Spivey,,,,
UCR_MinicoreUCR_082_2025,UCR_mini_core,Lori_Niebe,Lori Niebe,MinicoreUCR_082,,4968,2025,5,,W.Spivey,,,,
UCR_MinicoreUCR_083_2025,UCR_mini_core,Lyg_321-2,Lyg 321-2,MinicoreUCR_083,,4969,2025,5,,W.Spivey,,,,
UCR_MinicoreUCR_084_2025,UCR_mini_core,Massava-11,,MinicoreUCR_084,,4970,2025,5,,W.Spivey,,,,
UCR_MinicoreUCR_085_2025,UCR_mini_core,Melakh,,MinicoreUCR_085,,4971,2025,5,,W.Spivey,,,,
UCR_MinicoreUCR_086_2025,UCR_mini_core,Montiero,,MinicoreUCR_086,1,4972,2025,5,,W.Spivey,,,,
UCR_MinicoreUCR_087_2025,UCR_mini_core,Mougne,,MinicoreUCR_087,,4973,2025,5,,W.Spivey,,,,
UCR_MinicoreUCR_088_2025,UCR_mini_core,Mouride,,MinicoreUCR_088,,4974,2025,5,,W.Spivey,,,,
UCR_MinicoreUCR_089_2025,UCR_mini_core,Moussa_Local,Moussa Local,MinicoreUCR_089,,4975,2025,5,,W.Spivey,,,,
UCR_MinicoreUCR_090_2025,UCR_mini_core,Muinana-Lawe,,MinicoreUCR_090,,4976,2025,5,,W.Spivey,,,,
UCR_MinicoreUCR_091_2025,UCR_mini_core,NamuesseD,,MinicoreUCR_091,,4977,2025,5,,W.Spivey,,,,
UCR_MinicoreUCR_092_2025,UCR_mini_core,N'diambour,,MinicoreUCR_092,,4978,2025,5,,W.Spivey,,,,
UCR_MinicoreUCR_093_2025,UCR_mini_core,Nhacoongo-1,,MinicoreUCR_093,,4979,2025,5,,W.Spivey,,,,
UCR_MinicoreUCR_094_2025,UCR_mini_core,Nhacoongo-3,,MinicoreUCR_094,1,4980,2025,5,,W.Spivey,,,,
UCR_MinicoreUCR_095_2025,UCR_mini_core,Pakau3,Pakau,MinicoreUCR_095,,4009,2025,5,,W.Spivey,,,,
UCR_MinicoreUCR_096_2025,UCR_mini_core,Prima,,MinicoreUCR_096,,4981,2025,5,,W.Spivey,,,,
UCR_MinicoreUCR_097_2025,UCR_mini_core,Sanzi,,MinicoreUCR_097,,4982,2025,5,,W.Spivey,,,,
UCR_MinicoreUCR_098_2025,UCR_mini_core,SASAQUE,,MinicoreUCR_098,,4983,2025,5,,W.Spivey,,,,
UCR_MinicoreUCR_099_2025,UCR_mini_core,Suvita-2,,MinicoreUCR_099,,4986,2025,5,,W.Spivey,,,,
UCR_MinicoreUCR_100_2025,UCR_mini_core,Tete-2,,MinicoreUCR_100,1,4987,2025,5,,W.Spivey,,,,
UCR_MinicoreUCR_102_2025,UCR_mini_core,TVu-1000,,MinicoreUCR_102,,4989,2025,5,,W.Spivey,,,,
UCR_MinicoreUCR_103_2025,UCR_mini_core,TVu-1004,,MinicoreUCR_103,,4990,2025,5,,W.Spivey,,,,
UCR_MinicoreUCR_104_2025,UCR_mini_core,TVu-10100,,MinicoreUCR_104,,4991,2025,5,,W.Spivey,,,,
UCR_MinicoreUCR_105_2025,UCR_mini_core,TVu-1016,,MinicoreUCR_105,,4992,2025,5,,W.Spivey,,,,
UCR_MinicoreUCR_106_2025,UCR_mini_core,TVu-10179,,MinicoreUCR_106,,4993,2025,5,,W.Spivey,,,,
UCR_MinicoreUCR_107_2025,UCR_mini_core,TVu-10281,,MinicoreUCR_107,1,5273,2025,5,,W.Spivey,,,,
UCR_MinicoreUCR_108_2025,UCR_mini_core,TVu-1036,,MinicoreUCR_108,,4994,2025,5,,W.Spivey,,,,
UCR_MinicoreUCR_109_2025,UCR_mini_core,TVu-10366,,MinicoreUCR_109,,4995,2025,5,,W.Spivey,,,,
UCR_MinicoreUCR_110_2025,UCR_mini_core,TVu-1037,,MinicoreUCR_110,,4996,2025,5,,W.Spivey,,,,
UCR_MinicoreUCR_111_2025,UCR_mini_core,TVu-10466,,MinicoreUCR_111,,4997,2025,5,,W.Spivey,,,,
UCR_MinicoreUCR_112_2025,UCR_mini_core,TVu-10513,,MinicoreUCR_112,,4998,2025,5,,W.Spivey,,,,
UCR_MinicoreUCR_113_2025,UCR_mini_core,TVu-1059,,MinicoreUCR_113,,4999,2025,5,,W.Spivey,,,,
UCR_MinicoreUCR_114_2025,UCR_mini_core,TVu-10892,,MinicoreUCR_114,,5000,2025,5,,W.Spivey,,,,
UCR_MinicoreUCR_115_2025,UCR_mini_core,TVu-1124,,MinicoreUCR_115,,5001,2025,5,,W.Spivey,,,,
UCR_MinicoreUCR_116_2025,UCR_mini_core,TVu-113,,MinicoreUCR_116,,5002,2025,5,,W.Spivey,,,,
UCR_MinicoreUCR_117_2025,UCR_mini_core,TVu-12565,,MinicoreUCR_117,,5003,2025,5,,W.Spivey,,,,
UCR_MinicoreUCR_118_2025,UCR_mini_core,TVu-12710,,MinicoreUCR_118,,5004,2025,5,,W.Spivey,,,,
UCR_MinicoreUCR_119_2025,UCR_mini_core,TVu-12746,,MinicoreUCR_119,,5005,2025,5,,W.Spivey,,,,
UCR_MinicoreUCR_120_2025,UCR_mini_core,TVu-1280,,MinicoreUCR_120,,5006,2025,5,,W.Spivey,,,,
UCR_MinicoreUCR_121_2025,UCR_mini_core,TVu-12804,,MinicoreUCR_121,,5007,2025,5,,W.Spivey,,,,
UCR_MinicoreUCR_122_2025,UCR_mini_core,TVu-12873,,MinicoreUCR_122,,5008,2025,5,,W.Spivey,,,,
UCR_MinicoreUCR_123_2025,UCR_mini_core,TVu-12897,,MinicoreUCR_123,,5009,2025,5,,W.Spivey,,,,
UCR_MinicoreUCR_124_2025,UCR_mini_core,TVu-12923,,MinicoreUCR_124,,5010,2025,5,,W.Spivey,,,,
UCR_MinicoreUCR_125_2025,UCR_mini_core,TVu-12937,,MinicoreUCR_125,,5011,2025,5,,W.Spivey,,,,
UCR_MinicoreUCR_126_2025,UCR_mini_core,TVu-12968,,MinicoreUCR_126,,5012,2025,5,,W.Spivey,,,,
UCR_MinicoreUCR_127_2025,UCR_mini_core,TVu-13017,,MinicoreUCR_127,,5013,2025,5,,W.Spivey,,,,
UCR_MinicoreUCR_128_2025,UCR_mini_core,TVu-132,,MinicoreUCR_128,,5014,2025,5,,W.Spivey,,,,
UCR_MinicoreUCR_129_2025,UCR_mini_core,TVu-1330,,MinicoreUCR_129,,5015,2025,5,,W.Spivey,,,,
UCR_MinicoreUCR_130_2025,UCR_mini_core,TVu-13305,,MinicoreUCR_130,1,5016,2025,5,,W.Spivey,,,,
UCR_MinicoreUCR_131_2025,UCR_mini_core,TVu-13388,,MinicoreUCR_131,,5017,2025,5,,W.Spivey,,,,
UCR_MinicoreUCR_132_2025,UCR_mini_core,TVu-13463,,MinicoreUCR_132,,5018,2025,5,,W.Spivey,,,,
UCR_MinicoreUCR_133_2025,UCR_mini_core,TVu-13485,,MinicoreUCR_133,1,5019,2025,5,,W.Spivey,,,,
UCR_MinicoreUCR_134_2025,UCR_mini_core,TVu-13778,,MinicoreUCR_134,,5020,2025,5,,W.Spivey,,,,
UCR_MinicoreUCR_135_2025,UCR_mini_core,TVu-13939,,MinicoreUCR_135,,5021,2025,5,,W.Spivey,,,,
UCR_MinicoreUCR_136_2025,UCR_mini_core,TVu-13950,,MinicoreUCR_136,,5022,2025,5,,W.Spivey,,,,
UCR_MinicoreUCR_137_2025,UCR_mini_core,TVu-13958,,MinicoreUCR_137,,5023,2025,5,,W.Spivey,,,,
UCR_MinicoreUCR_138_2025,UCR_mini_core,TVu-13965,,MinicoreUCR_138,,5024,2025,5,,W.Spivey,,,,
UCR_MinicoreUCR_139_2025,UCR_mini_core,TVu-13968,,MinicoreUCR_139,,5025,2025,5,,W.Spivey,,,,
UCR_MinicoreUCR_140_2025,UCR_mini_core,TVu-13979,,MinicoreUCR_140,,5026,2025,5,,W.Spivey,,,,
UCR_MinicoreUCR_141_2025,UCR_mini_core,TVu-14172,,MinicoreUCR_141,,5027,2025,5,,W.Spivey,,,,
UCR_MinicoreUCR_142_2025,UCR_mini_core,TVu-14190,,MinicoreUCR_142,,5028,2025,5,,W.Spivey,,,,
UCR_MinicoreUCR_143_2025,UCR_mini_core,TVu-14195,,MinicoreUCR_143,,5029,2025,5,,W.Spivey,,,,
UCR_MinicoreUCR_144_2025,UCR_mini_core,TVu-14224,,MinicoreUCR_144,,5030,2025,5,,W.Spivey,,,,
UCR_MinicoreUCR_145_2025,UCR_mini_core,TVu-14248,,MinicoreUCR_145,,5031,2025,5,,W.Spivey,,,,
UCR_MinicoreUCR_146_2025,UCR_mini_core,TVu-14253,,MinicoreUCR_146,,5032,2025,5,,W.Spivey,,,,
UCR_MinicoreUCR_147_2025,UCR_mini_core,TVu-14272,,MinicoreUCR_147,,5033,2025,5,,W.Spivey,,,,
UCR_MinicoreUCR_148_2025,UCR_mini_core,TVu-14321,,MinicoreUCR_148,,5034,2025,5,,W.Spivey,,,,
UCR_MinicoreUCR_149_2025,UCR_mini_core,TVu-14336,,MinicoreUCR_149,,5035,2025,5,,W.Spivey,,,,
UCR_MinicoreUCR_150_2025,UCR_mini_core,TVu-14345,,MinicoreUCR_150,,5036,2025,5,,W.Spivey,,,,
UCR_MinicoreUCR_151_2025,UCR_mini_core,TVu-14346,,MinicoreUCR_151,,5037,2025,5,,W.Spivey,,,,
UCR_MinicoreUCR_152_2025,UCR_mini_core,TVu-14393,,MinicoreUCR_152,,5038,2025,5,,W.Spivey,,,,
UCR_MinicoreUCR_153_2025,UCR_mini_core,TVu-14401,,MinicoreUCR_153,,5039,2025,5,,W.Spivey,,,,
UCR_MinicoreUCR_154_2025,UCR_mini_core,Tvu-14533,,MinicoreUCR_154,,5040,2025,5,,W.Spivey,,,,
UCR_MinicoreUCR_155_2025,UCR_mini_core,TVu-14621,,MinicoreUCR_155,,5041,2025,5,,W.Spivey,,,,
UCR_MinicoreUCR_156_2025,UCR_mini_core,TVu-14632,,MinicoreUCR_156,,5042,2025,5,,W.Spivey,,,,
UCR_MinicoreUCR_157_2025,UCR_mini_core,TVu-14633,,MinicoreUCR_157,1,5043,2025,5,,W.Spivey,,,,
UCR_MinicoreUCR_158_2025,UCR_mini_core,TVu-14691,,MinicoreUCR_158,,5044,2025,5,,W.Spivey,,,,
UCR_MinicoreUCR_159_2025,UCR_mini_core,TVu-14759,,MinicoreUCR_159,,5045,2025,5,,W.Spivey,,,,
UCR_MinicoreUCR_160_2025,UCR_mini_core,TVu-1477,,MinicoreUCR_160,,5046,2025,5,,W.Spivey,,,,
UCR_MinicoreUCR_161_2025,UCR_mini_core,TVu-14862,,MinicoreUCR_161,,5047,2025,5,,W.Spivey,,,,
UCR_MinicoreUCR_162_2025,UCR_mini_core,TVu-14875,,MinicoreUCR_162,,5048,2025,5,,W.Spivey,,,,
UCR_MinicoreUCR_163_2025,UCR_mini_core,TVu-14949,,MinicoreUCR_163,,5049,2025,5,,W.Spivey,,,,
UCR_MinicoreUCR_164_2025,UCR_mini_core,TVu-14970,,MinicoreUCR_164,,5050,2025,5,,W.Spivey,,,,
UCR_MinicoreUCR_165_2025,UCR_mini_core,TVu-14971,,MinicoreUCR_165,1,5051,2025,5,,W.Spivey,,,,
UCR_MinicoreUCR_166_2025,UCR_mini_core,TVu-15114,,MinicoreUCR_166,,5052,2025,5,,W.Spivey,,,,
UCR_MinicoreUCR_166_2026,UCR_mini_core,TVu-15114,,MinicoreUCR_166,,5052,2026,100,,W.Spivey,"Field10E, 2019",,,
UCR_MinicoreUCR_167_2025,UCR_mini_core,TVu-15143,,MinicoreUCR_167,,5053,2025,5,,W.Spivey,,,,
UCR_MinicoreUCR_168_2025,UCR_mini_core,TVu-15315,,MinicoreUCR_168,,5274,2025,5,,W.Spivey,,,,
UCR_MinicoreUCR_169_2025,UCR_mini_core,TVu-1536,,MinicoreUCR_169,,5054,2025,5,,W.Spivey,,,,
UCR_MinicoreUCR_170_2025,UCR_mini_core,TVu-15391,,MinicoreUCR_170,1,5055,2025,5,,W.Spivey,,,,
UCR_MinicoreUCR_171_2025,UCR_mini_core,TVu-15400,,MinicoreUCR_171,,5056,2025,5,,W.Spivey,,,,
UCR_MinicoreUCR_172_2025,UCR_mini_core,TVu-15411,,MinicoreUCR_172,,5057,2025,5,,W.Spivey,,,,
UCR_MinicoreUCR_173_2025,UCR_mini_core,TVu-15426,,MinicoreUCR_173,,5058,2025,5,,W.Spivey,,,,
UCR_MinicoreUCR_174_2025,UCR_mini_core,TVu-15445,,MinicoreUCR_174,,5059,2025,5,,W.Spivey,,,,
UCR_MinicoreUCR_176_2025,UCR_mini_core,TVu-1556,,MinicoreUCR_176,,5061,2025,5,,W.Spivey,,,,
UCR_MinicoreUCR_177_2025,UCR_mini_core,TVu-15591,,MinicoreUCR_177,,5062,2025,5,,W.Spivey,,,,
UCR_MinicoreUCR_178_2025,UCR_mini_core,TVu-15610,,MinicoreUCR_178,,5063,2025,5,,W.Spivey,,,,
UCR_MinicoreUCR_179_2025,UCR_mini_core,TVu-15636,,MinicoreUCR_179,,5064,2025,5,,W.Spivey,,,,
UCR_MinicoreUCR_180_2025,UCR_mini_core,TVu-15639,,MinicoreUCR_180,,5065,2025,5,,W.Spivey,,,,
UCR_MinicoreUCR_181_2025,UCR_mini_core,TVu-15653,,MinicoreUCR_181,,5066,2025,5,,W.Spivey,,,,
UCR_MinicoreUCR_182_2025,UCR_mini_core,TVu-15661,,MinicoreUCR_182,,5067,2025,5,,W.Spivey,,,,
UCR_MinicoreUCR_183_2025,UCR_mini_core,TVu-15687,,MinicoreUCR_183,,5068,2025,5,,W.Spivey,,,,
UCR_MinicoreUCR_185_2025,UCR_mini_core,TVu-1583,,MinicoreUCR_185,,5070,2025,5,,W.Spivey,,,,
UCR_MinicoreUCR_187_2025,UCR_mini_core,TVu-15861,,MinicoreUCR_187,,5072,2025,5,,W.Spivey,,,,
UCR_MinicoreUCR_188_2025,UCR_mini_core,TVu-15878,,MinicoreUCR_188,,5073,2025,5,,W.Spivey,,,,
UCR_MinicoreUCR_190_2025,UCR_mini_core,TVu-15973,,MinicoreUCR_190,,5075,2025,5,,W.Spivey,,,,
UCR_MinicoreUCR_191_2025,UCR_mini_core,TVu-15995,,MinicoreUCR_191,,5076,2025,5,,W.Spivey,,,,
UCR_MinicoreUCR_192_2025,UCR_mini_core,TVu-1609,,MinicoreUCR_192,,5077,2025,5,,W.Spivey,,,,
UCR_MinicoreUCR_193_2025,UCR_mini_core,TVu-16220,,MinicoreUCR_193,,5078,2025,5,,W.Spivey,,,,
UCR_MinicoreUCR_194_2025,UCR_mini_core,TVu-16237,,MinicoreUCR_194,,5079,2025,5,,W.Spivey,,,,
UCR_MinicoreUCR_196_2025,UCR_mini_core,TVu-16269,,MinicoreUCR_196,,5081,2025,5,,W.Spivey,,,,
UCR_MinicoreUCR_197_2025,UCR_mini_core,TVu-16278,,MinicoreUCR_197,,5082,2025,5,,W.Spivey,,,,
UCR_MinicoreUCR_198_2025,UCR_mini_core,TVu-16304,,MinicoreUCR_198,,5083,2025,5,,W.Spivey,,,,
UCR_MinicoreUCR_199_2025,UCR_mini_core,TVu-16368,,MinicoreUCR_199,,5084,2025,5,,W.Spivey,,,,
UCR_MinicoreUCR_200_2025,UCR_mini_core,TVu-1637,,MinicoreUCR_200,,5085,2025,5,,W.Spivey,,,,
UCR_MinicoreUCR_201_2025,UCR_mini_core,TVu-16403,,MinicoreUCR_201,,5086,2025,5,,W.Spivey,,,,
UCR_MinicoreUCR_202_2025,UCR_mini_core,TVu-16408,,MinicoreUCR_202,,5087,2025,5,,W.Spivey,,,,
UCR_MinicoreUCR_203_2025,UCR_mini_core,TVu-16449,,MinicoreUCR_203,1,5088,2025,5,,W.Spivey,,,,
UCR_MinicoreUCR_204_2025,UCR_mini_core,TVu-16465,,MinicoreUCR_204,,5089,2025,5,,W.Spivey,,,,
UCR_MinicoreUCR_205_2025,UCR_mini_core,TVu-16504,,MinicoreUCR_205,,5090,2025,5,,W.Spivey,,,,
UCR_MinicoreUCR_206_2025,UCR_mini_core,TVu-16505,,MinicoreUCR_206,,5091,2025,5,,W.Spivey,,,,
UCR_MinicoreUCR_207_2025,UCR_mini_core,TVu-16521,,MinicoreUCR_207,,5092,2025,5,,W.Spivey,,,,
UCR_MinicoreUCR_210_2025,UCR_mini_core,TVu-1715,,MinicoreUCR_210,,5095,2025,5,,W.Spivey,,,,
UCR_MinicoreUCR_211_2025,UCR_mini_core,TVu-1727,,MinicoreUCR_211,,5096,2025,5,,W.Spivey,,,,
UCR_MinicoreUCR_212_2025,UCR_mini_core,TVu-1775,,MinicoreUCR_212,,5097,2025,5,,W.Spivey,,,,
UCR_MinicoreUCR_213_2025,UCR_mini_core,TVu-1780,,MinicoreUCR_213,,5098,2025,5,,W.Spivey,,,,
UCR_MinicoreUCR_214_2025,UCR_mini_core,TVu-1811,,MinicoreUCR_214,,5099,2025,5,,W.Spivey,,,,
UCR_MinicoreUCR_215_2025,UCR_mini_core,TVu-1886,,MinicoreUCR_215,,5100,2025,5,,W.Spivey,,,,
UCR_MinicoreUCR_216_2025,UCR_mini_core,TVu-1916,,MinicoreUCR_216,1,5101,2025,5,,W.Spivey,,,,
UCR_MinicoreUCR_217_2025,UCR_mini_core,TVu-201,,MinicoreUCR_217,1,5102,2025,5,,W.Spivey,,,,
UCR_MinicoreUCR_218_2025,UCR_mini_core,TVu-21,,MinicoreUCR_218,,5103,2025,5,,W.Spivey,,,,
UCR_MinicoreUCR_219_2025,UCR_mini_core,TVu-2168,,MinicoreUCR_219,,5104,2025,5,,W.Spivey,,,,
UCR_MinicoreUCR_220_2025,UCR_mini_core,TVu-2280,,MinicoreUCR_220,,5105,2025,5,,W.Spivey,,,,
UCR_MinicoreUCR_221_2025,UCR_mini_core,TVu-2322,,MinicoreUCR_221,,5106,2025,5,,W.Spivey,,,,
UCR_MinicoreUCR_222_2025,UCR_mini_core,TVu-2398,,MinicoreUCR_222,,5107,2025,5,,W.Spivey,,,,
UCR_MinicoreUCR_223_2025,UCR_mini_core,TVu-2418,,MinicoreUCR_223,,5108,2025,5,,W.Spivey,,,,
UCR_MinicoreUCR_224_2025,UCR_mini_core,TVu-2449,,MinicoreUCR_224,,5109,2025,5,,W.Spivey,,,,
UCR_MinicoreUCR_225_2025,UCR_mini_core,TVu-2548,,MinicoreUCR_225,,5110,2025,5,,W.Spivey,,,,
UCR_MinicoreUCR_226_2025,UCR_mini_core,TVu-264,,MinicoreUCR_226,,5111,2025,5,,W.Spivey,,,,
UCR_MinicoreUCR_227_2025,UCR_mini_core,TVu-2680,,MinicoreUCR_227,,5112,2025,5,,W.Spivey,,,,
UCR_MinicoreUCR_228_2025,UCR_mini_core,TVu-2723,,MinicoreUCR_228,,5113,2025,5,,W.Spivey,,,,
UCR_MinicoreUCR_229_2025,UCR_mini_core,TVu-2736,,MinicoreUCR_229,,5114,2025,5,,W.Spivey,,,,
UCR_MinicoreUCR_231_2025,UCR_mini_core,TVu-2845,,MinicoreUCR_231,,5116,2025,5,,W.Spivey,,,,
UCR_MinicoreUCR_232_2025,UCR_mini_core,TVu-2933,,MinicoreUCR_232,,5117,2025,5,,W.Spivey,,,,
UCR_MinicoreUCR_233_2025,UCR_mini_core,TVu-2968,,MinicoreUCR_233,,5118,2025,5,,W.Spivey,,,,
UCR_MinicoreUCR_234_2025,UCR_mini_core,TVu-2971,,MinicoreUCR_234,,5119,2025,5,,W.Spivey,,,,
UCR_MinicoreUCR_235_2025,UCR_mini_core,TVu-3043,,MinicoreUCR_235,,5120,2025,5,,W.Spivey,,,,
UCR_MinicoreUCR_236_2025,UCR_mini_core,TVu-3076,,MinicoreUCR_236,,5121,2025,5,,W.Spivey,,,,
UCR_MinicoreUCR_237_2025,UCR_mini_core,TVu-3156,,MinicoreUCR_237,,5122,2025,5,,W.Spivey,,,,
UCR_MinicoreUCR_238_2025,UCR_mini_core,TVu-3282,,MinicoreUCR_238,,5123,2025,5,,W.Spivey,,,,
UCR_MinicoreUCR_239_2025,UCR_mini_core,TVu-3360,,MinicoreUCR_239,,5124,2025,5,,W.Spivey,,,,
UCR_MinicoreUCR_240_2025,UCR_mini_core,TVu-3552,,MinicoreUCR_240,,5125,2025,5,,W.Spivey,,,,
UCR_MinicoreUCR_241_2025,UCR_mini_core,TVu-3565,,MinicoreUCR_241,,5126,2025,5,,W.Spivey,,,,
UCR_MinicoreUCR_242_2025,UCR_mini_core,TVu-3652,,MinicoreUCR_242,1,5127,2025,5,,W.Spivey,,,,
UCR_MinicoreUCR_243_2025,UCR_mini_core,TVu-3657,,MinicoreUCR_243,,5128,2025,5,,W.Spivey,,,,
UCR_MinicoreUCR_244_2025,UCR_mini_core,TVu-3804,,MinicoreUCR_244,,5272,2025,5,,W.Spivey,,,,
UCR_MinicoreUCR_245_2025,UCR_mini_core,TVu-3817,,MinicoreUCR_245,,5129,2025,5,,W.Spivey,,,,
UCR_MinicoreUCR_246_2025,UCR_mini_core,TVu-3830,,MinicoreUCR_246,1,5130,2025,5,,W.Spivey,,,,
UCR_MinicoreUCR_247_2025,UCR_mini_core,TVu-3842,,MinicoreUCR_247,,5131,2025,5,,W.Spivey,,,,
UCR_MinicoreUCR_248_2025,UCR_mini_core,TVu-393,,MinicoreUCR_248,,5132,2025,5,,W.Spivey,,,,
UCR_MinicoreUCR_249_2025,UCR_mini_core,TVu-3947,,MinicoreUCR_249,,5133,2025,5,,W.Spivey,,,,
UCR_MinicoreUCR_250_2025,UCR_mini_core,TVu-3965,,MinicoreUCR_250,,5134,2025,5,,W.Spivey,,,,
UCR_MinicoreUCR_252_2025,UCR_mini_core,TVu-4097,,MinicoreUCR_252,1,5136,2025,5,,W.Spivey,,,,
UCR_MinicoreUCR_253_2025,UCR_mini_core,TVu-415,,MinicoreUCR_253,,5137,2025,5,,W.Spivey,,,,
UCR_MinicoreUCR_254_2025,UCR_mini_core,TVu-43,,MinicoreUCR_254,,5138,2025,5,,W.Spivey,,,,
UCR_MinicoreUCR_255_2025,UCR_mini_core,TVu-4316,,MinicoreUCR_255,,5139,2025,5,,W.Spivey,,,,
UCR_MinicoreUCR_256_2025,UCR_mini_core,TVu-4535,,MinicoreUCR_256,,5140,2025,5,,W.Spivey,,,,
UCR_MinicoreUCR_257_2025,UCR_mini_core,TVu-4545,,MinicoreUCR_257,1,5141,2025,5,,W.Spivey,,,,
UCR_MinicoreUCR_258_2025,UCR_mini_core,TVu-4557,,MinicoreUCR_258,,5142,2025,5,,W.Spivey,,,,
UCR_MinicoreUCR_259_2025,UCR_mini_core,TVu-456,,MinicoreUCR_259,,5143,2025,5,,W.Spivey,,,,
UCR_MinicoreUCR_260_2025,UCR_mini_core,TVu-4622,,MinicoreUCR_260,,5144,2025,5,,W.Spivey,,,,
UCR_MinicoreUCR_261_2025,UCR_mini_core,TVu-4632,,MinicoreUCR_261,1,5145,2025,5,,W.Spivey,,,,
UCR_MinicoreUCR_262_2025,UCR_mini_core,TVu-4669,,MinicoreUCR_262,,5146,2025,5,,W.Spivey,,,,
UCR_MinicoreUCR_263_2025,UCR_mini_core,TVu-467,,MinicoreUCR_263,,5147,2025,5,,W.Spivey,,,,
UCR_MinicoreUCR_264_2025,UCR_mini_core,TVu-4711,,MinicoreUCR_264,,5148,2025,5,,W.Spivey,,,,
UCR_MinicoreUCR_265_2025,UCR_mini_core,TVu-4984,,MinicoreUCR_265,,5149,2025,5,,W.Spivey,,,,
UCR_MinicoreUCR_266_2025,UCR_mini_core,TVu-53,,MinicoreUCR_266,,5150,2025,5,,W.Spivey,,,,
UCR_MinicoreUCR_267_2025,UCR_mini_core,TVu-5444,,MinicoreUCR_267,,5151,2025,5,,W.Spivey,,,,
UCR_MinicoreUCR_268_2025,UCR_mini_core,TVu-6356,,MinicoreUCR_268,,5152,2025,5,,W.Spivey,,,,
UCR_MinicoreUCR_269_2025,UCR_mini_core,TVu-6365,,MinicoreUCR_269,,5153,2025,5,,W.Spivey,,,,
UCR_MinicoreUCR_270_2025,UCR_mini_core,TVu-6439,,MinicoreUCR_270,,5154,2025,5,,W.Spivey,,,,
UCR_MinicoreUCR_271_2025,UCR_mini_core,TVu-6464,,MinicoreUCR_271,,5155,2025,5,,W.Spivey,,,,
UCR_MinicoreUCR_272_2025,UCR_mini_core,TVu-6477,,MinicoreUCR_272,1,5156,2025,5,,W.Spivey,,,,
UCR_MinicoreUCR_273_2025,UCR_mini_core,TVu-6493,,MinicoreUCR_273,,5157,2025,5,,W.Spivey,,,,
UCR_MinicoreUCR_274_2025,UCR_mini_core,TVu-6641,,MinicoreUCR_274,,5158,2025,5,,W.Spivey,,,,
UCR_MinicoreUCR_275_2025,UCR_mini_core,TVu-6642,,MinicoreUCR_275,1,5159,2025,5,,W.Spivey,,,,
UCR_MinicoreUCR_276_2025,UCR_mini_core,TVu-6643,,MinicoreUCR_276,1,5160,2025,5,,W.Spivey,,,,
UCR_MinicoreUCR_277_2025,UCR_mini_core,TVu-6644,,MinicoreUCR_277,1,5161,2025,5,,W.Spivey,,,,
UCR_MinicoreUCR_278_2025,UCR_mini_core,TVu-6663,,MinicoreUCR_278,,5162,2025,5,,W.Spivey,,,,
UCR_MinicoreUCR_282_2025,UCR_mini_core,TVu-6968,,MinicoreUCR_282,,5166,2025,5,,W.Spivey,,,,
UCR_MinicoreUCR_287_2025,UCR_mini_core,TVu-7362,,MinicoreUCR_287,,5720,2025,5,,W.Spivey,,,,
UCR_MinicoreUCR_289_2025,UCR_mini_core,TVu-7559,,MinicoreUCR_289,,5173,2025,5,,W.Spivey,,,,
UCR_MinicoreUCR_290_2025,UCR_mini_core,TVu-7625,,MinicoreUCR_290,,5174,2025,5,,W.Spivey,,,,
UCR_MinicoreUCR_291_2025,UCR_mini_core,TVu-7642,,MinicoreUCR_291,,5175,2025,5,,W.Spivey,,,,
UCR_MinicoreUCR_292_2025,UCR_mini_core,TVu-7647,,MinicoreUCR_292,1,5176,2025,5,,W.Spivey,,,,
UCR_MinicoreUCR_293_2025,UCR_mini_core,TVu-7684,,MinicoreUCR_293,,5177,2025,5,,W.Spivey,,,,
UCR_MinicoreUCR_294_2025,UCR_mini_core,TVu-7719,,MinicoreUCR_294,,5178,2025,5,,W.Spivey,,,,
UCR_MinicoreUCR_295_2025,UCR_mini_core,TVu-7739,,MinicoreUCR_295,,5179,2025,5,,W.Spivey,,,,
UCR_MinicoreUCR_296_2025,UCR_mini_core,TVu-7755,,MinicoreUCR_296,,5180,2025,5,,W.Spivey,,,,
UCR_MinicoreUCR_297_2025,UCR_mini_core,TVu-7778,,MinicoreUCR_297,,5181,2025,5,,W.Spivey,,,,
UCR_MinicoreUCR_298_2025,UCR_mini_core,TVu-7798,,MinicoreUCR_298,1,5182,2025,5,,W.Spivey,,,,
UCR_MinicoreUCR_299_2025,UCR_mini_core,TVu-7971,,MinicoreUCR_299,,5183,2025,5,,W.Spivey,,,,
UCR_MinicoreUCR_300_2025,UCR_mini_core,TVu-7991,,MinicoreUCR_300,1,5184,2025,5,,W.Spivey,,,,
UCR_MinicoreUCR_301_2025,UCR_mini_core,TVu-8,,MinicoreUCR_301,,5185,2025,5,,W.Spivey,,,,
UCR_MinicoreUCR_302_2025,UCR_mini_core,TVu-8059,,MinicoreUCR_302,,5186,2025,5,,W.Spivey,,,,
UCR_MinicoreUCR_303_2025,UCR_mini_core,TVu-8072,,MinicoreUCR_303,,5187,2025,5,,W.Spivey,,,,
UCR_MinicoreUCR_304_2025,UCR_mini_core,TVu-8082,,MinicoreUCR_304,,5188,2025,5,,W.Spivey,,,,
UCR_MinicoreUCR_306_2025,UCR_mini_core,TVu-8262,,MinicoreUCR_306,1,5190,2025,5,,W.Spivey,,,,
UCR_MinicoreUCR_307_2025,UCR_mini_core,Tvu-8389,,MinicoreUCR_307,,5191,2025,5,,W.Spivey,,,,
UCR_MinicoreUCR_308_2025,UCR_mini_core,TVu-84,,MinicoreUCR_308,,5192,2025,5,,W.Spivey,,,,
UCR_MinicoreUCR_309_2025,UCR_mini_core,TVu-8612,,MinicoreUCR_309,,5193,2025,5,,W.Spivey,,,,
UCR_MinicoreUCR_310_2025,UCR_mini_core,TVu-8622,,MinicoreUCR_310,,5194,2025,5,,W.Spivey,,,,
UCR_MinicoreUCR_311_2025,UCR_mini_core,TVu-8631,,MinicoreUCR_311,,5195,2025,5,,W.Spivey,,,,
UCR_MinicoreUCR_312_2025,UCR_mini_core,TVu-8641,,MinicoreUCR_312,1,5196,2025,5,,W.Spivey,,,,
UCR_MinicoreUCR_313_2025,UCR_mini_core,TVu-8656,,MinicoreUCR_313,,5197,2025,5,,W.Spivey,,,,
UCR_MinicoreUCR_314_2025,UCR_mini_core,TVu-8671,,MinicoreUCR_314,,5198,2025,5,,W.Spivey,,,,
UCR_MinicoreUCR_315_2025,UCR_mini_core,TVu-8673,,MinicoreUCR_315,,5199,2025,5,,W.Spivey,,,,
UCR_MinicoreUCR_316_2025,UCR_mini_core,TVu-8702,,MinicoreUCR_316,,5200,2025,5,,W.Spivey,,,,
UCR_MinicoreUCR_317_2025,UCR_mini_core,TVu-8713,,MinicoreUCR_317,,5201,2025,5,,W.Spivey,,,,
UCR_MinicoreUCR_318_2025,UCR_mini_core,TVu-8775,,MinicoreUCR_318,,5202,2025,5,,W.Spivey,,,,
UCR_MinicoreUCR_319_2025,UCR_mini_core,TVu-8779,,MinicoreUCR_319,1,5203,2025,5,,W.Spivey,,,,
UCR_MinicoreUCR_320_2025,UCR_mini_core,TVu-8812,,MinicoreUCR_320,1,5204,2025,5,,W.Spivey,,,,
UCR_MinicoreUCR_321_2025,UCR_mini_core,TVu-8834,,MinicoreUCR_321,1,5205,2025,5,,W.Spivey,,,,
UCR_MinicoreUCR_322_2025,UCR_mini_core,TVu-8877,,MinicoreUCR_322,,5206,2025,5,,W.Spivey,,,,
UCR_MinicoreUCR_323_2025,UCR_mini_core,TVu-8883,,MinicoreUCR_323,1,5207,2025,5,,W.Spivey,,,,
UCR_MinicoreUCR_324_2025,UCR_mini_core,TVu-889,,MinicoreUCR_324,1,5208,2025,5,,W.Spivey,,,,
UCR_MinicoreUCR_325_2025,UCR_mini_core,TVu-8923,,MinicoreUCR_325,1,5209,2025,5,,W.Spivey,,,,
UCR_MinicoreUCR_326_2025,UCR_mini_core,TVu-8934,,MinicoreUCR_326,1,5210,2025,5,,W.Spivey,,,,
UCR_MinicoreUCR_327_2025,UCR_mini_core,TVu-9031,,MinicoreUCR_327,1,5211,2025,5,,W.Spivey,,,,
UCR_MinicoreUCR_328_2025,UCR_mini_core,TVu-9073,,MinicoreUCR_328,,5212,2025,5,,W.Spivey,,,,
UCR_MinicoreUCR_329_2025,UCR_mini_core,TVu-9095,,MinicoreUCR_329,,5213,2025,5,,W.Spivey,,,,
UCR_MinicoreUCR_330_2025,UCR_mini_core,TVu-9256,,MinicoreUCR_330,,5214,2025,5,,W.Spivey,,,,
UCR_MinicoreUCR_331_2025,UCR_mini_core,TVu-9257,,MinicoreUCR_331,,5215,2025,5,,W.Spivey,,,,
UCR_MinicoreUCR_332_2025,UCR_mini_core,TVu-9259,,MinicoreUCR_332,,5216,2025,5,,W.Spivey,,,,
UCR_MinicoreUCR_333_2025,UCR_mini_core,TVu-9265,,MinicoreUCR_333,,5217,2025,5,,W.Spivey,,,,
UCR_MinicoreUCR_334_2025,UCR_mini_core,TVu-9393,,MinicoreUCR_334,,5218,2025,5,,W.Spivey,,,,
UCR_MinicoreUCR_335_2025,UCR_mini_core,TVu-946,,MinicoreUCR_335,,5219,2025,5,,W.Spivey,,,,
UCR_MinicoreUCR_337_2025,UCR_mini_core,TVu-9469,,MinicoreUCR_337,,5221,2025,5,,W.Spivey,,,,
UCR_MinicoreUCR_338_2025,UCR_mini_core,TVu-9474,,MinicoreUCR_338,,5222,2025,5,,W.Spivey,,,,
UCR_MinicoreUCR_339_2025,UCR_mini_core,TVu-9486,,MinicoreUCR_339,,5223,2025,5,,W.Spivey,,,,
UCR_MinicoreUCR_340_2025,UCR_mini_core,TVu-9492,,MinicoreUCR_340,,5224,2025,5,,W.Spivey,,,,
UCR_MinicoreUCR_341_2025,UCR_mini_core,TVu-9506,,MinicoreUCR_341,,5225,2025,5,,W.Spivey,,,,
UCR_MinicoreUCR_342_2025,UCR_mini_core,TVu-9508,,MinicoreUCR_342,,5226,2025,5,,W.Spivey,,,,
UCR_MinicoreUCR_343_2025,UCR_mini_core,TVu-9516,,MinicoreUCR_343,,5227,2025,5,,W.Spivey,,,,
UCR_MinicoreUCR_344_2025,UCR_mini_core,TVu-9522,,MinicoreUCR_344,,5228,2025,5,,W.Spivey,,,,
UCR_MinicoreUCR_345_2025,UCR_mini_core,TVu-9556,,MinicoreUCR_345,,5229,2025,5,,W.Spivey,,,,
UCR_MinicoreUCR_346_2025,UCR_mini_core,TVu-9557,,MinicoreUCR_346,,5230,2025,5,,W.Spivey,,,,
UCR_MinicoreUCR_347_2025,UCR_mini_core,TVu-9620,,MinicoreUCR_347,,5231,2025,5,,W.Spivey,,,,
UCR_MinicoreUCR_348_2025,UCR_mini_core,TVu-9651,,MinicoreUCR_348,,5232,2025,5,,W.Spivey,,,,
UCR_MinicoreUCR_350_2025,UCR_mini_core,TVu-969,,MinicoreUCR_350,,5234,2025,5,,W.Spivey,,,,
UCR_MinicoreUCR_351_2025,UCR_mini_core,TVu-972,,MinicoreUCR_351,,5235,2025,5,,W.Spivey,,,,
UCR_MinicoreUCR_352_2025,UCR_mini_core,TVu-9749,,MinicoreUCR_352,,5236,2025,5,,W.Spivey,,,,
UCR_MinicoreUCR_353_2025,UCR_mini_core,TVu-9801,,MinicoreUCR_353,,5237,2025,5,,W.Spivey,,,,
UCR_MinicoreUCR_354_2025,UCR_mini_core,TVu-9820,,MinicoreUCR_354,,5238,2025,5,,W.Spivey,,,,
UCR_MinicoreUCR_355_2025,UCR_mini_core,TVu-9848,,MinicoreUCR_355,,5239,2025,5,,W.Spivey,,,,
UCR_MinicoreUCR_356_2025,UCR_mini_core,TVu-9866,,MinicoreUCR_356,,5240,2025,5,,W.Spivey,,,,
UCR_MinicoreUCR_357_2025,UCR_mini_core,UCR_11,UCR 11,MinicoreUCR_357,,5241,2025,5,,W.Spivey,,,,
UCR_MinicoreUCR_358_2025,UCR_mini_core,UCR_1340,UCR 1340,MinicoreUCR_358,,5242,2025,5,,W.Spivey,,,,
UCR_MinicoreUCR_359_2025,UCR_mini_core,UCR_1342,UCR 1342,MinicoreUCR_359,,5243,2025,5,,W.Spivey,,,,
UCR_MinicoreUCR_360_2025,UCR_mini_core,UCR_1432,UCR 1432,MinicoreUCR_360,,5244,2025,5,,W.Spivey,,,,
UCR_MinicoreUCR_361_2025,UCR_mini_core,UCR_162,UCR 162,MinicoreUCR_361,,5245,2025,5,,W.Spivey,,,,
UCR_MinicoreUCR_362_2025,UCR_mini_core,UCR_193,UCR 193,MinicoreUCR_362,,5246,2025,5,,W.Spivey,,,,
UCR_MinicoreUCR_363_2025,UCR_mini_core,UCR_24,UCR 24,MinicoreUCR_363,,5247,2025,5,,W.Spivey,,,,
UCR_MinicoreUCR_366_2025,UCR_mini_core,UCR_288,UCR 288,MinicoreUCR_366,,5250,2025,5,,W.Spivey,,,,
UCR_MinicoreUCR_368_2025,UCR_mini_core,UCR_3301,UCR 3301,MinicoreUCR_368,,5252,2025,5,,W.Spivey,,,,
UCR_MinicoreUCR_369_2025,UCR_mini_core,UCR_3326,UCR 3326,MinicoreUCR_369,,5253,2025,5,,W.Spivey,,,,
UCR_MinicoreUCR_372_2025,UCR_mini_core,UCR_5164,UCR 5164,MinicoreUCR_372,,4985,2025,5,,W.Spivey,,,,
UCR_MinicoreUCR_373_2025,UCR_mini_core,UCR_5272,UCR 5272,MinicoreUCR_373,,5256,2025,5,,W.Spivey,,,,
UCR_MinicoreUCR_374_2025,UCR_mini_core,UCR_5275,UCR 5275,MinicoreUCR_374,,5257,2025,5,,W.Spivey,,,,
UCR_MinicoreUCR_375_2025,UCR_mini_core,UCR_5279,UCR 5279,MinicoreUCR_375,,5258,2025,5,,W.Spivey,,,,
UCR_MinicoreUCR_376_2025,UCR_mini_core,UCR_5280,UCR 5280,MinicoreUCR_376,,5259,2025,5,,W.Spivey,,,,
UCR_MinicoreUCR_378_2025,UCR_mini_core,UCR_5353,UCR 5353,MinicoreUCR_378,,5261,2025,5,,W.Spivey,,,,
UCR_MinicoreUCR_379_2025,UCR_mini_core,UCR_5385,UCR 5385,MinicoreUCR_379,,5262,2025,5,,W.Spivey,,,,
UCR_MinicoreUCR_380_2025,UCR_mini_core,UCR_707,UCR 707,MinicoreUCR_380,,5263,2025,5,,W.Spivey,,,,
UCR_MinicoreUCR_381_2025,UCR_mini_core,UCR_739,UCR 739,MinicoreUCR_381,,5264,2025,5,,W.Spivey,,,,
UCR_MinicoreUCR_382_2025,UCR_mini_core,UCR_779,UCR 779,MinicoreUCR_382,,5265,2025,5,,W.Spivey,,,,
UCR_MinicoreUCR_383_2025,UCR_mini_core,UCR_830,UCR 830,MinicoreUCR_383,,5266,2025,5,,W.Spivey,,,,
UCR_MinicoreUCR_384_2025,UCR_mini_core,VAR-10B,,MinicoreUCR_384,,5267,2025,5,,W.Spivey,,,,
UCR_MinicoreUCR_385_2025,UCR_mini_core,VAR-3A,,MinicoreUCR_385,,5268,2025,5,,W.Spivey,,,,
UCR_MinicoreUCR_387_2025,UCR_mini_core,Xingove,,MinicoreUCR_387,,5270,2025,5,,W.Spivey,,,,
UCR_MinicoreUCR_388_2025,UCR_mini_core,Yacine,,MinicoreUCR_388,,5271,2025,5,,W.Spivey,,,,
UCR_MinicoreUCR_389_2025,UCR_mini_core,Vazzano_Brown,Vazzano Brown,MinicoreUCR_389,,5726,2025,5,,W.Spivey,,,,
UCR_MinicoreUCR_390_2025,UCR_mini_core,Vazzano_Black,Vazzano Black,MinicoreUCR_390,,5725,2025,5,,W.Spivey,,,,
UCR_MinicoreUCR_391_2025,UCR_mini_core,Cp_4877,Cp 4877,MinicoreUCR_391,,5885,2025,5,,W.Spivey,,,,
UCR_MinicoreUCR_392_2025,UCR_mini_core,Cp_4906,Cp 4906,MinicoreUCR_392,,5886,2025,5,,W.Spivey,,,,
UCR_MinicoreUCR_393_2025,UCR_mini_core,Cp_5556,Cp 5556,MinicoreUCR_393,,5887,2025,5,,W.Spivey,,,,
UCR_MinicoreUCR_394_2025,UCR_mini_core,Cp_5647,Cp 5647,MinicoreUCR_394,,5888,2025,5,,W.Spivey,,,,
UCR_MinicoreUCR_395_2025,UCR_mini_core,Vg48,,MinicoreUCR_395,,5889,2025,5,,W.Spivey,,,,
UCR_MinicoreUCR_396_2025,UCR_mini_core,Vg50,,MinicoreUCR_396,,5890,2025,5,,W.Spivey,,,,
UCR_MinicoreUCR_397_2025,UCR_mini_core,Vg56,,MinicoreUCR_397,,5891,2025,5,,W.Spivey,,,,
UCR_MinicoreUCR_398_2025,UCR_mini_core,Vg58,,MinicoreUCR_398,,5892,2025,5,,W.Spivey,,,,
UCR_MinicoreUCR_399_2025,UCR_mini_core,Vg62,,MinicoreUCR_399,,5893,2025,5,,W.Spivey,,,,
UCR_MinicoreUCR_401_2025,UCR_mini_core,Vg72,,MinicoreUCR_401,,5895,2025,5,,W.Spivey,,,,
UCR_MinicoreUCR_402_2025,UCR_mini_core,Vg73,,MinicoreUCR_402,,5896,2025,5,,W.Spivey,,,,
UCR_MinicoreUCR_403_2025,UCR_mini_core,CB46,,MinicoreUCR_403,,9043,2025,5,,W.Spivey,,,,