"accession_name","block","common_name","experiment","minicore_id","plot_name","plot_number","population_name","range","row","seedlot_name","sort","1st_planting","Date_to_first_flower","first_harvest_date","germ_date","num_germed","date_thinned_to_1","harvest_date","PBZ_application_date","2nd_planting","50%_silking","50%_tassel","amount_planted_wh","amount","Date_to_50%_flowering","first_silk","first_tassel","flower_color","notes","num_dry_pods","num_immature_pods","num_mature_pods","num_punctured_seeds","num_seed_10_pods","pod_postion","stand_ct","weight_gram","wt_immature_pods","wt_mature_pods","wt_seed_from_10_pods","first_planting_date","num_seed_planted","num_plants_per_pot","planting_date","oct29_plant_height_cm","nov5_plant_height in","Nov_18_height in","amount_harvested","discarded_on_date","num_pods","num_seeds","stem_diameteer_mm","internode_len_mm","dry_seed_wt","dry_biomass_wt"
"24-125-B-1","1","","GHC2501","MinicoreUCR_002","GHC2501_101","101","UCR_mini_core","","","UCR_MinicoreUCR_002_2025","1",,,,"2025-12-23",,,,,,,,,,,,,,,,,,,,,,,,,,,,,,,,,,,,,,,,
"58-53","1","","GHC2501","MinicoreUCR_004","GHC2501_102","102","UCR_mini_core","","","UCR_MinicoreUCR_004_2025","2",,,,"2025-12-23",,,,,,,,,,,,,,,,,,,,,,,,,,,,,,,,,,,,,,,,
"Bun_22_Ghana","1","Bun 22 Ghana","GHC2501","MinicoreUCR_008","GHC2501_103","103","UCR_mini_core","","","UCR_MinicoreUCR_008_2025","3",,,,"2025-12-23",,,,,,,,,,,,,,,,,,,,,,,,,,,,,,,,,,,,,,,,
"Cameroon_7-29","1","Cameroon 7-29","GHC2501","MinicoreUCR_011","GHC2501_104","104","UCR_mini_core","","","UCR_MinicoreUCR_011_2025","4",,,,"2025-12-29",,,,,,,,,,,,,,,,,,,,,,,,,,,,,,,,,,,,,,,,
"Iron_Clay","1","Iron Clay","GHC2501","MinicoreUCR_041","GHC2501_105","105","UCR_mini_core","","","UCR_MinicoreUCR_041_2025","5",,,,"2026-01-05",,,,,,,,,,,,,,,,,,,,,,,,,,,,,,,,,,,,,,,,
"Montiero","1","","GHC2501","MinicoreUCR_086","GHC2501_106","106","UCR_mini_core","","","UCR_MinicoreUCR_086_2025","6",,,,"2025-12-23",,,,,,,,,,,,,,,,,,,,,,,,,,,,,,,,,,,,,,,,
"Nhacoongo-3","1","","GHC2501","MinicoreUCR_094","GHC2501_107","107","UCR_mini_core","","","UCR_MinicoreUCR_094_2025","7",,,,"2025-12-23",,,,,,,,,,,,,,,,,,,,,,,,,,,,,,,,,,,,,,,,
"Tete-2","1","","GHC2501","MinicoreUCR_100","GHC2501_108","108","UCR_mini_core","","","UCR_MinicoreUCR_100_2025","8",,,,"2025-12-23",,,,,,,,,,,,,,,,,,,,,,,,,,,,,,,,,,,,,,,,
"TVu-10281","1","","GHC2501","MinicoreUCR_107","GHC2501_109","109","UCR_mini_core","","","UCR_MinicoreUCR_107_2025","9",,,,"2025-12-23",,,,,,,,,,,,,,,,,,,,,,,,,,,,,,,,,,,,,,,,
"TVu-13305","1","","GHC2501","MinicoreUCR_130","GHC2501_110","110","UCR_mini_core","","","UCR_MinicoreUCR_130_2025","10",,,,"2025-12-29",,,,,,,,,,,,,,,,,,,,,,,,,,,,,,,,,,,,,,,,
"TVu-13485","1","","GHC2501","MinicoreUCR_133","GHC2501_111","111","UCR_mini_core","","","UCR_MinicoreUCR_133_2025","11",,,,"2025-12-23",,,,,,,,,,,,,,,,,,,,,,,,,,,,,,,,,,,,,,,,
"TVu-14633","1","","GHC2501","MinicoreUCR_157","GHC2501_112","112","UCR_mini_core","","","UCR_MinicoreUCR_157_2025","12",,,,"2025-12-23",,,,,,,,,,,,,,,,,,,,,,,,,,,,,,,,,,,,,,,,
"TVu-14971","1","","GHC2501","MinicoreUCR_165","GHC2501_113","113","UCR_mini_core","","","UCR_MinicoreUCR_165_2025","13",,,,"2025-12-23",,,,,,,,,,,,,,,,,,,,,,,,,,,,,,,,,,,,,,,,
"TVu-15391","1","","GHC2501","MinicoreUCR_170","GHC2501_114","114","UCR_mini_core","","","UCR_MinicoreUCR_170_2025","14",,,,"2025-12-29",,,,,,,,,,,,,,,,,,,,,,,,,,,,,,,,,,,,,,,,
"TVu-16449","1","","GHC2501","MinicoreUCR_203","GHC2501_115","115","UCR_mini_core","","","UCR_MinicoreUCR_203_2025","15",,,,"2025-12-23",,,,,,,,,,,,,,,,,,,,,,,,,,,,,,,,,,,,,,,,
"TVu-1916","1","","GHC2501","MinicoreUCR_216","GHC2501_116","116","UCR_mini_core","","","UCR_MinicoreUCR_216_2025","16",,,,"2025-12-23",,,,,,,,,,,,,,,,,,,,,,,,,,,,,,,,,,,,,,,,
"TVu-201","1","","GHC2501","MinicoreUCR_217","GHC2501_117","117","UCR_mini_core","","","UCR_MinicoreUCR_217_2025","17",,,,"2025-12-29",,,,,,,,,,,,,,,,,,,,,,,,,,,,,,,,,,,,,,,,
"TVu-3652","1","","GHC2501","MinicoreUCR_242","GHC2501_118","118","UCR_mini_core","","","UCR_MinicoreUCR_242_2025","18",,,,"2025-12-29",,,,,,,,,,,,,,,,,,,,,,,,,,,,,,,,,,,,,,,,
"TVu-3830","1","","GHC2501","MinicoreUCR_246","GHC2501_119","119","UCR_mini_core","","","UCR_MinicoreUCR_246_2025","19",,,,"2025-12-23",,,,,,,,,,,,,,,,,,,,,,,,,,,,,,,,,,,,,,,,
"TVu-4097","1","","GHC2501","MinicoreUCR_252","GHC2501_120","120","UCR_mini_core","","","UCR_MinicoreUCR_252_2025","20",,,,"2025-12-23",,,,,,,,,,,,,,,,,,,,,,,,,,,,,,,,,,,,,,,,
"TVu-4545","1","","GHC2501","MinicoreUCR_257","GHC2501_121","121","UCR_mini_core","","","UCR_MinicoreUCR_257_2025","21",,,,"2025-12-23",,,,,,,,,,,,,,,,,,,,,,,,,,,,,,,,,,,,,,,,
"TVu-4632","1","","GHC2501","MinicoreUCR_261","GHC2501_122","122","UCR_mini_core","","","UCR_MinicoreUCR_261_2025","22",,,,"2025-12-23",,,,,,,,,,,,,,,,,,,,,,,,,,,,,,,,,,,,,,,,
"TVu-6477","1","","GHC2501","MinicoreUCR_272","GHC2501_123","123","UCR_mini_core","","","UCR_MinicoreUCR_272_2025","23",,,,"2025-12-23",,,,,,,,,,,,,,,,,,,,,,,,,,,,,,,,,,,,,,,,
"TVu-6642","1","","GHC2501","MinicoreUCR_275","GHC2501_124","124","UCR_mini_core","","","UCR_MinicoreUCR_275_2025","24",,,,"2025-12-23",,,,,,,,,,,,,,,,,,,,,,,,,,,,,,,,,,,,,,,,
"TVu-6643","1","","GHC2501","MinicoreUCR_276","GHC2501_125","125","UCR_mini_core","","","UCR_MinicoreUCR_276_2025","25",,,,"2025-12-23",,,,,,,,,,,,,,,,,,,,,,,,,,,,,,,,,,,,,,,,
"TVu-6644","1","","GHC2501","MinicoreUCR_277","GHC2501_126","126","UCR_mini_core","","","UCR_MinicoreUCR_277_2025","26",,,,"2025-12-23",,,,,,,,,,,,,,,,,,,,,,,,,,,,,,,,,,,,,,,,
"TVu-7647","1","","GHC2501","MinicoreUCR_292","GHC2501_127","127","UCR_mini_core","","","UCR_MinicoreUCR_292_2025","27",,,,"2025-12-23",,,,,,,,,,,,,,,,,,,,,,,,,,,,,,,,,,,,,,,,
"TVu-7798","1","","GHC2501","MinicoreUCR_298","GHC2501_128","128","UCR_mini_core","","","UCR_MinicoreUCR_298_2025","28",,,,"2025-12-29",,,,,,,,,,,,,,,,,,,,,,,,,,,,,,,,,,,,,,,,
"TVu-7991","1","","GHC2501","MinicoreUCR_300","GHC2501_129","129","UCR_mini_core","","","UCR_MinicoreUCR_300_2025","29",,,,"2025-12-23",,,,,,,,,,,,,,,,,,,,,,,,,,,,,,,,,,,,,,,,
"TVu-8262","1","","GHC2501","MinicoreUCR_306","GHC2501_130","130","UCR_mini_core","","","UCR_MinicoreUCR_306_2025","30",,,,"2025-12-23",,,,,,,,,,,,,,,,,,,,,,,,,,,,,,,,,,,,,,,,
"TVu-8641","1","","GHC2501","MinicoreUCR_312","GHC2501_131","131","UCR_mini_core","","","UCR_MinicoreUCR_312_2025","31",,,,"2025-12-29",,,,,,,,,,,,,,,,,,,,,,,,,,,,,,,,,,,,,,,,
"TVu-8779","1","","GHC2501","MinicoreUCR_319","GHC2501_132","132","UCR_mini_core","","","UCR_MinicoreUCR_319_2025","32",,,,"2025-12-23",,,,,,,,,,,,,,,,,,,,,,,,,,,,,,,,,,,,,,,,
"TVu-8812","1","","GHC2501","MinicoreUCR_320","GHC2501_133","133","UCR_mini_core","","","UCR_MinicoreUCR_320_2025","33",,,,"2025-12-23",,,,,,,,,,,,,,,,,,,,,,,,,,,,,,,,,,,,,,,,
"TVu-8834","1","","GHC2501","MinicoreUCR_321","GHC2501_134","134","UCR_mini_core","","","UCR_MinicoreUCR_321_2025","34",,,,"2025-12-23",,,,,,,,,,,,,,,,,,,,,,,,,,,,,,,,,,,,,,,,
"TVu-8883","1","","GHC2501","MinicoreUCR_323","GHC2501_135","135","UCR_mini_core","","","UCR_MinicoreUCR_323_2025","35",,,,"2025-12-29",,,,,,,,,,,,,,,,,,,,,,,,,,,,,,,,,,,,,,,,
"TVu-889","1","","GHC2501","MinicoreUCR_324","GHC2501_136","136","UCR_mini_core","","","UCR_MinicoreUCR_324_2025","36",,,,"2025-12-23",,,,,,,,,,,,,,,,,,,,,,,,,,,,,,,,,,,,,,,,
"TVu-8923","1","","GHC2501","MinicoreUCR_325","GHC2501_137","137","UCR_mini_core","","","UCR_MinicoreUCR_325_2025","37",,,,"2025-12-23",,,,,,,,,,,,,,,,,,,,,,,,,,,,,,,,,,,,,,,,
"TVu-8934","1","","GHC2501","MinicoreUCR_326","GHC2501_138","138","UCR_mini_core","","","UCR_MinicoreUCR_326_2025","38",,,,"2025-12-23",,,,,,,,,,,,,,,,,,,,,,,,,,,,,,,,,,,,,,,,
"TVu-9031","1","","GHC2501","MinicoreUCR_327","GHC2501_139","139","UCR_mini_core","","","UCR_MinicoreUCR_327_2025","39",,,,"2025-12-23",,,,,,,,,,,,,,,,,,,,,,,,,,,,,,,,,,,,,,,,
"1393-1-2-3(-)","","","GHC2501","MinicoreUCR_001","GHC2501_140","140","UCR_mini_core","","","UCR_MinicoreUCR_001_2025","40",,,,"2025-12-29",,,,,,,,,,,,,,,,,,,,,,,,,,,,,,,,,,,,,,,,
"524B","","524-B","GHC2501","MinicoreUCR_003","GHC2501_141","141","UCR_mini_core","","","UCR_MinicoreUCR_003_2025","41",,,,"2025-12-29",,,,,,,,,,,,,,,,,,,,,,,,,,,,,,,,,,,,,,,,
"58-57","","","GHC2501","MinicoreUCR_005","GHC2501_142","142","UCR_mini_core","","","UCR_MinicoreUCR_005_2025","42",,,,"2025-12-29",,,,,,,,,,,,,,,,,,,,,,,,,,,,,,,,,,,,,,,,
"Apagbaala","","","GHC2501","MinicoreUCR_006","GHC2501_143","143","UCR_mini_core","","","UCR_MinicoreUCR_006_2025","43",,,,"2025-12-29",,,,,,,,,,,,,,,,,,,,,,,,,,,,,,,,,,,,,,,,
"Bambey_21","","Bambey 21","GHC2501","MinicoreUCR_007","GHC2501_144","144","UCR_mini_core","","","UCR_MinicoreUCR_007_2025","44",,,,"2026-01-05",,,,,,,,,,,,,,,,,,,,,,,,,,,,,,,,,,,,,,,,
"Cameroon_12-58","","Cameroon 12-58","GHC2501","MinicoreUCR_010","GHC2501_145","145","UCR_mini_core","","","UCR_MinicoreUCR_010_2025","45",,,,"2025-12-29",,,,,,,,,,,,,,,,,,,,,,,,,,,,,,,,,,,,,,,,
"CB27","","","GHC2501","MinicoreUCR_012","GHC2501_146","146","UCR_mini_core","","","UCR_MinicoreUCR_012_2025","46",,,,"2025-12-29",,,,,,,,,,,,,,,,,,,,,,,,,,,,,,,,,,,,,,,,
"CB3","","","GHC2501","MinicoreUCR_013","GHC2501_147","147","UCR_mini_core","","","UCR_MinicoreUCR_013_2025","47",,,,"2025-12-29",,,,,,,,,,,,,,,,,,,,,,,,,,,,,,,,,,,,,,,,
"CB5-2","","CB46 (but wrong)","GHC2501","MinicoreUCR_014","GHC2501_148","148","UCR_mini_core","","","UCR_MinicoreUCR_014_2025","48",,,,"2025-12-29",,,,,,,,,,,,,,,,,,,,,,,,,,,,,,,,,,,,,,,,
"China_501","","China 501","GHC2501","MinicoreUCR_020","GHC2501_149","149","UCR_mini_core","","","UCR_MinicoreUCR_020_2025","49",,,,"2025-12-29",,,,,,,,,,,,,,,,,,,,,,,,,,,,,,,,,,,,,,,,
"CRSP_Niebe","","CRSP Niebe","GHC2501","MinicoreUCR_021","GHC2501_150","150","UCR_mini_core","","","UCR_MinicoreUCR_021_2025","50",,,,"2025-12-29",,,,,,,,,,,,,,,,,,,,,,,,,,,,,,,,,,,,,,,,
"Danila","","","GHC2501","MinicoreUCR_022","GHC2501_151","151","UCR_mini_core","","","UCR_MinicoreUCR_022_2025","51",,,,"2025-12-29",,,,,,,,,,,,,,,,,,,,,,,,,,,,,,,,,,,,,,,,
"Early_Scarlet","","Early Scarlet","GHC2501","MinicoreUCR_023","GHC2501_152","152","UCR_mini_core","","","UCR_MinicoreUCR_023_2025","52",,,,"2025-12-29",,,,,,,,,,,,,,,,,,,,,,,,,,,,,,,,,,,,,,,,
"Ecute","","","GHC2501","MinicoreUCR_024","GHC2501_153","153","UCR_mini_core","","","UCR_MinicoreUCR_024_2025","53",,,,"2025-12-29",,,,,,,,,,,,,,,,,,,,,,,,,,,,,,,,,,,,,,,,
"Faef-14-Inhaca-E","","","GHC2501","MinicoreUCR_025","GHC2501_154","154","UCR_mini_core","","","UCR_MinicoreUCR_025_2025","54",,,,"2025-12-29",,,,,,,,,,,,,,,,,,,,,,,,,,,,,,,,,,,,,,,,
"FN-1-13-04","","","GHC2501","MinicoreUCR_026","GHC2501_155","155","UCR_mini_core","","","UCR_MinicoreUCR_026_2025","55",,,,"2025-12-29",,,,,,,,,,,,,,,,,,,,,,,,,,,,,,,,,,,,,,,,
"FN-1-14-04","","","GHC2501","MinicoreUCR_027","GHC2501_156","156","UCR_mini_core","","","UCR_MinicoreUCR_027_2025","56",,,,"2025-12-29",,,,,,,,,,,,,,,,,,,,,,,,,,,,,,,,,,,,,,,,
"FN-2-13-04","","","GHC2501","MinicoreUCR_029","GHC2501_157","157","UCR_mini_core","","","UCR_MinicoreUCR_029_2025","57",,,,"2025-12-29",,,,,,,,,,,,,,,,,,,,,,,,,,,,,,,,,,,,,,,,
"French_Bean","","French Bean","GHC2501","MinicoreUCR_030","GHC2501_158","158","UCR_mini_core","","","UCR_MinicoreUCR_030_2025","58",,,,"2025-12-29",,,,,,,,,,,,,,,,,,,,,,,,,,,,,,,,,,,,,,,,
"Gorda","","","GHC2501","MinicoreUCR_031","GHC2501_159","159","UCR_mini_core","","","UCR_MinicoreUCR_031_2025","59",,,,"2025-12-29",,,,,,,,,,,,,,,,,,,,,,,,,,,,,,,,,,,,,,,,
"IAR7/8-4-5-1","","","GHC2501","MinicoreUCR_032","GHC2501_160","160","UCR_mini_core","","","UCR_MinicoreUCR_032_2025","60",,,,"2025-12-23",,,,,,,,,,,,,,,,,,,,,,,,,,,,,,,,,,,,,,,,
"Ife_Brown","","Ife Brown","GHC2501","MinicoreUCR_033","GHC2501_161","161","UCR_mini_core","","","UCR_MinicoreUCR_033_2025","61",,,,"2025-12-29",,,,,,,,,,,,,,,,,,,,,,,,,,,,,,,,,,,,,,,,
"INIA-120","","","GHC2501","MinicoreUCR_034","GHC2501_162","162","UCR_mini_core","","","UCR_MinicoreUCR_034_2025","62",,,,"2025-12-29",,,,,,,,,,,,,,,,,,,,,,,,,,,,,,,,,,,,,,,,
"INIA-31","","","GHC2501","MinicoreUCR_035","GHC2501_163","163","UCR_mini_core","","","UCR_MinicoreUCR_035_2025","63",,,,"2025-12-29",,,,,,,,,,,,,,,,,,,,,,,,,,,,,,,,,,,,,,,,
"INIA-34","","","GHC2501","MinicoreUCR_036","GHC2501_164","164","UCR_mini_core","","","UCR_MinicoreUCR_036_2025","64",,,,"2025-12-29",,,,,,,,,,,,,,,,,,,,,,,,,,,,,,,,,,,,,,,,
"INIA-40","","","GHC2501","MinicoreUCR_037","GHC2501_165","165","UCR_mini_core","","","UCR_MinicoreUCR_037_2025","65",,,,"2025-12-29",,,,,,,,,,,,,,,,,,,,,,,,,,,,,,,,,,,,,,,,
"INIA-41","","","GHC2501","MinicoreUCR_038","GHC2501_166","166","UCR_mini_core","","","UCR_MinicoreUCR_038_2025","66",,,,"2025-12-29",,,,,,,,,,,,,,,,,,,,,,,,,,,,,,,,,,,,,,,,
"INIA-5E","","","GHC2501","MinicoreUCR_039","GHC2501_167","167","UCR_mini_core","","","UCR_MinicoreUCR_039_2025","67",,,,"2025-12-29",,,,,,,,,,,,,,,,,,,,,,,,,,,,,,,,,,,,,,,,
"INIA-72","","","GHC2501","MinicoreUCR_040","GHC2501_168","168","UCR_mini_core","","","UCR_MinicoreUCR_040_2025","68",,,,"2025-12-29",,,,,,,,,,,,,,,,,,,,,,,,,,,,,,,,,,,,,,,,
"IT00K-901-6","","","GHC2501","MinicoreUCR_042","GHC2501_169","169","UCR_mini_core","","","UCR_MinicoreUCR_042_2025","69",,,,"2025-12-29",,,,,,,,,,,,,,,,,,,,,,,,,,,,,,,,,,,,,,,,
"IT82E-18","","","GHC2501","MinicoreUCR_043","GHC2501_170","170","UCR_mini_core","","","UCR_MinicoreUCR_043_2025","70",,,,"2025-12-29",,,,,,,,,,,,,,,,,,,,,,,,,,,,,,,,,,,,,,,,
"IT83D-442","","","GHC2501","MinicoreUCR_044","GHC2501_171","171","UCR_mini_core","","","UCR_MinicoreUCR_044_2025","71",,,,"2025-12-29",,,,,,,,,,,,,,,,,,,,,,,,,,,,,,,,,,,,,,,,
"IT84S-2049","","","GHC2501","MinicoreUCR_045","GHC2501_172","172","UCR_mini_core","","","UCR_MinicoreUCR_045_2025","72",,,,"2025-12-29",,,,,,,,,,,,,,,,,,,,,,,,,,,,,,,,,,,,,,,,
"IT84S-2246","","","GHC2501","MinicoreUCR_046","GHC2501_173","173","UCR_mini_core","","","UCR_MinicoreUCR_046_2025","73",,,,"2025-12-29",,,,,,,,,,,,,,,,,,,,,,,,,,,,,,,,,,,,,,,,
"IT85F-867-5","","","GHC2501","MinicoreUCR_047","GHC2501_174","174","UCR_mini_core","","","UCR_MinicoreUCR_047_2025","74",,,,"2025-12-29",,,,,,,,,,,,,,,,,,,,,,,,,,,,,,,,,,,,,,,,
"IT86D-364","","","GHC2501","MinicoreUCR_048","GHC2501_175","175","UCR_mini_core","","","UCR_MinicoreUCR_048_2025","75",,,,"2025-12-29",,,,,,,,,,,,,,,,,,,,,,,,,,,,,,,,,,,,,,,,
"IT89KD-288","","","GHC2501","MinicoreUCR_049","GHC2501_176","176","UCR_mini_core","","","UCR_MinicoreUCR_049_2025","76",,,,"2025-12-29",,,,,,,,,,,,,,,,,,,,,,,,,,,,,,,,,,,,,,,,
"IT93K-452-1","","","GHC2501","MinicoreUCR_050","GHC2501_177","177","UCR_mini_core","","","UCR_MinicoreUCR_050_2025","77",,,,"2025-12-29",,,,,,,,,,,,,,,,,,,,,,,,,,,,,,,,,,,,,,,,
"IT93K-503-1","","","GHC2501","MinicoreUCR_051","GHC2501_178","178","UCR_mini_core","","","UCR_MinicoreUCR_051_2025","78",,,,"2025-12-29",,,,,,,,,,,,,,,,,,,,,,,,,,,,,,,,,,,,,,,,
"IT95K-1093-5","","","GHC2501","MinicoreUCR_052","GHC2501_179","179","UCR_mini_core","","","UCR_MinicoreUCR_052_2025","79",,,,"2025-12-29",,,,,,,,,,,,,,,,,,,,,,,,,,,,,,,,,,,,,,,,
"IT95K-1105-5","","","GHC2501","MinicoreUCR_053","GHC2501_180","180","UCR_mini_core","","","UCR_MinicoreUCR_053_2025","80",,,,"2025-12-29",,,,,,,,,,,,,,,,,,,,,,,,,,,,,,,,,,,,,,,,
"IT95K-1479","","","GHC2501","MinicoreUCR_054","GHC2501_181","181","UCR_mini_core","","","UCR_MinicoreUCR_054_2025","81",,,,"2025-12-29",,,,,,,,,,,,,,,,,,,,,,,,,,,,,,,,,,,,,,,,
"IT95K-1491","","","GHC2501","MinicoreUCR_055","GHC2501_182","182","UCR_mini_core","","","UCR_MinicoreUCR_055_2025","82",,,,"2025-12-29",,,,,,,,,,,,,,,,,,,,,,,,,,,,,,,,,,,,,,,,
"IT95M-190","","","GHC2501","MinicoreUCR_056","GHC2501_183","183","UCR_mini_core","","","UCR_MinicoreUCR_056_2025","83",,,,"2025-12-29",,,,,,,,,,,,,,,,,,,,,,,,,,,,,,,,,,,,,,,,
"IT96D-610","","","GHC2501","MinicoreUCR_057","GHC2501_184","184","UCR_mini_core","","","UCR_MinicoreUCR_057_2025","84",,,,"2025-12-29",,,,,,,,,,,,,,,,,,,,,,,,,,,,,,,,,,,,,,,,
"IT97K-207-15","","","GHC2501","MinicoreUCR_058","GHC2501_185","185","UCR_mini_core","","","UCR_MinicoreUCR_058_2025","85",,,,"2025-12-29",,,,,,,,,,,,,,,,,,,,,,,,,,,,,,,,,,,,,,,,
"IT97K-207-21","","","GHC2501","MinicoreUCR_059","GHC2501_186","186","UCR_mini_core","","","UCR_MinicoreUCR_059_2025","86",,,,"2025-12-29",,,,,,,,,,,,,,,,,,,,,,,,,,,,,,,,,,,,,,,,
"IT97K-461-4","","","GHC2501","MinicoreUCR_060","GHC2501_187","187","UCR_mini_core","","","UCR_MinicoreUCR_060_2025","87",,,,"2025-12-29",,,,,,,,,,,,,,,,,,,,,,,,,,,,,,,,,,,,,,,,
"IT97K-499-35-1-1","","","GHC2501","MinicoreUCR_061","GHC2501_188","188","UCR_mini_core","","","UCR_MinicoreUCR_061_2025","88",,,,"2025-12-29",,,,,,,,,,,,,,,,,,,,,,,,,,,,,,,,,,,,,,,,
"IT97K-499-39-1-1","","","GHC2501","MinicoreUCR_062","GHC2501_189","189","UCR_mini_core","","","UCR_MinicoreUCR_062_2025","89",,,,"2025-12-29",,,,,,,,,,,,,,,,,,,,,,,,,,,,,,,,,,,,,,,,
"IT97K-556-6","","","GHC2501","MinicoreUCR_063","GHC2501_190","190","UCR_mini_core","","","UCR_MinicoreUCR_063_2025","90",,,,"2025-12-29",,,,,,,,,,,,,,,,,,,,,,,,,,,,,,,,,,,,,,,,
"IT97K-569-9","","","GHC2501","MinicoreUCR_064","GHC2501_191","191","UCR_mini_core","","","UCR_MinicoreUCR_064_2025","91",,,,"2025-12-29",,,,,,,,,,,,,,,,,,,,,,,,,,,,,,,,,,,,,,,,
"IT98D-1399","","","GHC2501","MinicoreUCR_066","GHC2501_192","192","UCR_mini_core","","","UCR_MinicoreUCR_066_2025","92",,,,"2025-12-29",,,,,,,,,,,,,,,,,,,,,,,,,,,,,,,,,,,,,,,,
"IT98K-1111-1","","","GHC2501","MinicoreUCR_067","GHC2501_193","193","UCR_mini_core","","","UCR_MinicoreUCR_067_2025","93",,,,"2025-12-29",,,,,,,,,,,,,,,,,,,,,,,,,,,,,,,,,,,,,,,,
"IT98K-128-4","","","GHC2501","MinicoreUCR_069","GHC2501_194","194","UCR_mini_core","","","UCR_MinicoreUCR_069_2025","94",,,,"2025-12-29",,,,,,,,,,,,,,,,,,,,,,,,,,,,,,,,,,,,,,,,
"IT98K-205-8","","","GHC2501","MinicoreUCR_070","GHC2501_195","195","UCR_mini_core","","","UCR_MinicoreUCR_070_2025","95",,,,"2025-12-29",,,,,,,,,,,,,,,,,,,,,,,,,,,,,,,,,,,,,,,,
"IT98K-428-2","","","GHC2501","MinicoreUCR_071","GHC2501_196","196","UCR_mini_core","","","UCR_MinicoreUCR_071_2025","96",,,,"2025-12-29",,,,,,,,,,,,,,,,,,,,,,,,,,,,,,,,,,,,,,,,
"IT98K-498-1","","","GHC2501","MinicoreUCR_072","GHC2501_197","197","UCR_mini_core","","","UCR_MinicoreUCR_072_2025","97",,,,"2025-12-29",,,,,,,,,,,,,,,,,,,,,,,,,,,,,,,,,,,,,,,,
"IT98K-555-1","","","GHC2501","MinicoreUCR_073","GHC2501_198","198","UCR_mini_core","","","UCR_MinicoreUCR_073_2025","98",,,,"2025-12-29",,,,,,,,,,,,,,,,,,,,,,,,,,,,,,,,,,,,,,,,
"IT99K-124-5","","","GHC2501","MinicoreUCR_075","GHC2501_199","199","UCR_mini_core","","","UCR_MinicoreUCR_075_2025","99",,,,"2025-12-29",,,,,,,,,,,,,,,,,,,,,,,,,,,,,,,,,,,,,,,,
"KVx-396-4-5-20","","KVx 396-4-5-20","GHC2501","MinicoreUCR_076","GHC2501_200","200","UCR_mini_core","","","UCR_MinicoreUCR_076_2025","100",,,,"2025-12-29",,,,,,,,,,,,,,,,,,,,,,,,,,,,,,,,,,,,,,,,
"KVx-403-P-20-T","","KVx 403-P-20-T","GHC2501","MinicoreUCR_077","GHC2501_201","201","UCR_mini_core","","","UCR_MinicoreUCR_077_2025","101",,,,"2025-12-29",,,,,,,,,,,,,,,,,,,,,,,,,,,,,,,,,,,,,,,,
"KVx-421-25","","KVx 421-25","GHC2501","MinicoreUCR_078","GHC2501_202","202","UCR_mini_core","","","UCR_MinicoreUCR_078_2025","102",,,,"2025-12-29",,,,,,,,,,,,,,,,,,,,,,,,,,,,,,,,,,,,,,,,
"KVx-442-3","","KVx 442-3","GHC2501","MinicoreUCR_079","GHC2501_203","203","UCR_mini_core","","","UCR_MinicoreUCR_079_2025","103",,,,"2025-12-29",,,,,,,,,,,,,,,,,,,,,,,,,,,,,,,,,,,,,,,,
"KVx-525","","KVx 525","GHC2501","MinicoreUCR_080","GHC2501_204","204","UCR_mini_core","","","UCR_MinicoreUCR_080_2025","104",,,,"2025-12-29",,,,,,,,,,,,,,,,,,,,,,,,,,,,,,,,,,,,,,,,
"KVx-61-1-1","","KVx61-1-1","GHC2501","MinicoreUCR_081","GHC2501_205","205","UCR_mini_core","","","UCR_MinicoreUCR_081_2025","105",,,,"2025-12-29",,,,,,,,,,,,,,,,,,,,,,,,,,,,,,,,,,,,,,,,
"Lori_Niebe","","Lori Niebe","GHC2501","MinicoreUCR_082","GHC2501_206","206","UCR_mini_core","","","UCR_MinicoreUCR_082_2025","106",,,,"2025-12-29",,,,,,,,,,,,,,,,,,,,,,,,,,,,,,,,,,,,,,,,
"Lyg_321-2","","Lyg 321-2","GHC2501","MinicoreUCR_083","GHC2501_207","207","UCR_mini_core","","","UCR_MinicoreUCR_083_2025","107",,,,"2025-12-29",,,,,,,,,,,,,,,,,,,,,,,,,,,,,,,,,,,,,,,,
"Massava-11","","","GHC2501","MinicoreUCR_084","GHC2501_208","208","UCR_mini_core","","","UCR_MinicoreUCR_084_2025","108",,,,"2025-12-29",,,,,,,,,,,,,,,,,,,,,,,,,,,,,,,,,,,,,,,,
"Melakh","","","GHC2501","MinicoreUCR_085","GHC2501_209","209","UCR_mini_core","","","UCR_MinicoreUCR_085_2025","109",,,,"2025-12-29",,,,,,,,,,,,,,,,,,,,,,,,,,,,,,,,,,,,,,,,
"Mougne","","","GHC2501","MinicoreUCR_087","GHC2501_210","210","UCR_mini_core","","","UCR_MinicoreUCR_087_2025","110",,,,"2025-12-29",,,,,,,,,,,,,,,,,,,,,,,,,,,,,,,,,,,,,,,,
"Mouride","","","GHC2501","MinicoreUCR_088","GHC2501_211","211","UCR_mini_core","","","UCR_MinicoreUCR_088_2025","111",,,,"2025-12-29",,,,,,,,,,,,,,,,,,,,,,,,,,,,,,,,,,,,,,,,
"Moussa_Local","","Moussa Local","GHC2501","MinicoreUCR_089","GHC2501_212","212","UCR_mini_core","","","UCR_MinicoreUCR_089_2025","112",,,,"2025-12-29",,,,,,,,,,,,,,,,,,,,,,,,,,,,,,,,,,,,,,,,
"Muinana-Lawe","","","GHC2501","MinicoreUCR_090","GHC2501_213","213","UCR_mini_core","","","UCR_MinicoreUCR_090_2025","113",,,,"2025-12-29",,,,,,,,,,,,,,,,,,,,,,,,,,,,,,,,,,,,,,,,
"NamuesseD","","","GHC2501","MinicoreUCR_091","GHC2501_214","214","UCR_mini_core","","","UCR_MinicoreUCR_091_2025","114",,,,"2025-12-29",,,,,,,,,,,,,,,,,,,,,,,,,,,,,,,,,,,,,,,,
"N'diambour","","","GHC2501","MinicoreUCR_092","GHC2501_215","215","UCR_mini_core","","","UCR_MinicoreUCR_092_2025","115",,,,"2025-12-29",,,,,,,,,,,,,,,,,,,,,,,,,,,,,,,,,,,,,,,,
"Nhacoongo-1","","","GHC2501","MinicoreUCR_093","GHC2501_216","216","UCR_mini_core","","","UCR_MinicoreUCR_093_2025","116",,,,"2025-12-29",,,,,,,,,,,,,,,,,,,,,,,,,,,,,,,,,,,,,,,,
"Pakau3","","Pakau","GHC2501","MinicoreUCR_095","GHC2501_217","217","UCR_mini_core","","","UCR_MinicoreUCR_095_2025","117",,,,"2025-12-29",,,,,,,,,,,,,,,,,,,,,,,,,,,,,,,,,,,,,,,,
"Prima","","","GHC2501","MinicoreUCR_096","GHC2501_218","218","UCR_mini_core","","","UCR_MinicoreUCR_096_2025","118",,,,"2025-12-29",,,,,,,,,,,,,,,,,,,,,,,,,,,,,,,,,,,,,,,,
"Sanzi","","","GHC2501","MinicoreUCR_097","GHC2501_219","219","UCR_mini_core","","","UCR_MinicoreUCR_097_2025","119",,,,"2025-12-29",,,,,,,,,,,,,,,,,,,,,,,,,,,,,,,,,,,,,,,,
"SASAQUE","","","GHC2501","MinicoreUCR_098","GHC2501_220","220","UCR_mini_core","","","UCR_MinicoreUCR_098_2025","120",,,,"2025-12-29",,,,,,,,,,,,,,,,,,,,,,,,,,,,,,,,,,,,,,,,
"Suvita-2","","","GHC2501","MinicoreUCR_099","GHC2501_221","221","UCR_mini_core","","","UCR_MinicoreUCR_099_2025","121",,,,"2025-12-29",,,,,,,,,,,,,,,,,,,,,,,,,,,,,,,,,,,,,,,,
"TVu-1000","","","GHC2501","MinicoreUCR_102","GHC2501_222","222","UCR_mini_core","","","UCR_MinicoreUCR_102_2025","122",,,,"2025-12-29",,,,,,,,,,,,,,,,,,,,,,,,,,,,,,,,,,,,,,,,
"TVu-1004","","","GHC2501","MinicoreUCR_103","GHC2501_223","223","UCR_mini_core","","","UCR_MinicoreUCR_103_2025","123",,,,"2025-12-29",,,,,,,,,,,,,,,,,,,,,,,,,,,,,,,,,,,,,,,,
"TVu-10100","","","GHC2501","MinicoreUCR_104","GHC2501_224","224","UCR_mini_core","","","UCR_MinicoreUCR_104_2025","124",,,,"2025-12-31",,,,,,,,,,,,,,,,,,,,,,,,,,,,,,,,,,,,,,,,
"TVu-1016","","","GHC2501","MinicoreUCR_105","GHC2501_225","225","UCR_mini_core","","","UCR_MinicoreUCR_105_2025","125",,,,"2025-12-31",,,,,,,,,,,,,,,,,,,,,,,,,,,,,,,,,,,,,,,,
"TVu-10179","","","GHC2501","MinicoreUCR_106","GHC2501_226","226","UCR_mini_core","","","UCR_MinicoreUCR_106_2025","126",,,,"2025-12-29",,,,,,,,,,,,,,,,,,,,,,,,,,,,,,,,,,,,,,,,
"TVu-1036","","","GHC2501","MinicoreUCR_108","GHC2501_227","227","UCR_mini_core","","","UCR_MinicoreUCR_108_2025","127",,,,"2026-01-02",,,,,,,,,,,,,,,,,,,,,,,,,,,,,,,,,,,,,,,,
"TVu-10366","","","GHC2501","MinicoreUCR_109","GHC2501_228","228","UCR_mini_core","","","UCR_MinicoreUCR_109_2025","128",,,,"2025-12-29",,,,,,,,,,,,,,,,,,,,,,,,,,,,,,,,,,,,,,,,
"TVu-1037","","","GHC2501","MinicoreUCR_110","GHC2501_229","229","UCR_mini_core","","","UCR_MinicoreUCR_110_2025","129",,,,"2025-12-29",,,,,,,,,,,,,,,,,,,,,,,,,,,,,,,,,,,,,,,,
"TVu-10466","","","GHC2501","MinicoreUCR_111","GHC2501_230","230","UCR_mini_core","","","UCR_MinicoreUCR_111_2025","130",,,,"2025-12-29",,,,,,,,,,,,,,,,,,,,,,,,,,,,,,,,,,,,,,,,
"TVu-10513","","","GHC2501","MinicoreUCR_112","GHC2501_231","231","UCR_mini_core","","","UCR_MinicoreUCR_112_2025","131",,,,"2025-12-29",,,,,,,,,,,,,,,,,,,,,,,,,,,,,,,,,,,,,,,,
"TVu-1059","","","GHC2501","MinicoreUCR_113","GHC2501_232","232","UCR_mini_core","","","UCR_MinicoreUCR_113_2025","132",,,,"2025-12-29",,,,,,,,,,,,,,,,,,,,,,,,,,,,,,,,,,,,,,,,
"TVu-10892","","","GHC2501","MinicoreUCR_114","GHC2501_233","233","UCR_mini_core","","","UCR_MinicoreUCR_114_2025","133",,,,"2025-12-29",,,,,,,,,,,,,,,,,,,,,,,,,,,,,,,,,,,,,,,,
"TVu-1124","","","GHC2501","MinicoreUCR_115","GHC2501_234","234","UCR_mini_core","","","UCR_MinicoreUCR_115_2025","134",,,,"2025-12-29",,,,,,,,,,,,,,,,,,,,,,,,,,,,,,,,,,,,,,,,
"TVu-113","","","GHC2501","MinicoreUCR_116","GHC2501_235","235","UCR_mini_core","","","UCR_MinicoreUCR_116_2025","135",,,,"2025-12-29",,,,,,,,,,,,,,,,,,,,,,,,,,,,,,,,,,,,,,,,
"TVu-12565","","","GHC2501","MinicoreUCR_117","GHC2501_236","236","UCR_mini_core","","","UCR_MinicoreUCR_117_2025","136",,,,"2025-12-29",,,,,,,,,,,,,,,,,,,,,,,,,,,,,,,,,,,,,,,,
"TVu-12710","","","GHC2501","MinicoreUCR_118","GHC2501_237","237","UCR_mini_core","","","UCR_MinicoreUCR_118_2025","137",,,,"2025-12-29",,,,,,,,,,,,,,,,,,,,,,,,,,,,,,,,,,,,,,,,
"TVu-12746","","","GHC2501","MinicoreUCR_119","GHC2501_238","238","UCR_mini_core","","","UCR_MinicoreUCR_119_2025","138",,,,"2025-12-29",,,,,,,,,,,,,,,,,,,,,,,,,,,,,,,,,,,,,,,,
"TVu-1280","","","GHC2501","MinicoreUCR_120","GHC2501_239","239","UCR_mini_core","","","UCR_MinicoreUCR_120_2025","139",,,,"2025-12-29",,,,,,,,,,,,,,,,,,,,,,,,,,,,,,,,,,,,,,,,
"TVu-12804","","","GHC2501","MinicoreUCR_121","GHC2501_240","240","UCR_mini_core","","","UCR_MinicoreUCR_121_2025","140",,,,"2025-12-29",,,,,,,,,,,,,,,,,,,,,,,,,,,,,,,,,,,,,,,,
"TVu-12873","","","GHC2501","MinicoreUCR_122","GHC2501_241","241","UCR_mini_core","","","UCR_MinicoreUCR_122_2025","141",,,,"2025-12-29",,,,,,,,,,,,,,,,,,,,,,,,,,,,,,,,,,,,,,,,
"TVu-12897","","","GHC2501","MinicoreUCR_123","GHC2501_242","242","UCR_mini_core","","","UCR_MinicoreUCR_123_2025","142",,,,"2025-12-29",,,,,,,,,,,,,,,,,,,,,,,,,,,,,,,,,,,,,,,,
"TVu-12923","","","GHC2501","MinicoreUCR_124","GHC2501_243","243","UCR_mini_core","","","UCR_MinicoreUCR_124_2025","143",,,,"2025-12-29",,,,,,,,,,,,,,,,,,,,,,,,,,,,,,,,,,,,,,,,
"TVu-12937","","","GHC2501","MinicoreUCR_125","GHC2501_244","244","UCR_mini_core","","","UCR_MinicoreUCR_125_2025","144",,,,"2025-12-29",,,,,,,,,,,,,,,,,,,,,,,,,,,,,,,,,,,,,,,,
"TVu-12968","","","GHC2501","MinicoreUCR_126","GHC2501_245","245","UCR_mini_core","","","UCR_MinicoreUCR_126_2025","145",,,,"2025-12-29",,,,,,,,,,,,,,,,,,,,,,,,,,,,,,,,,,,,,,,,
"TVu-13017","","","GHC2501","MinicoreUCR_127","GHC2501_246","246","UCR_mini_core","","","UCR_MinicoreUCR_127_2025","146",,,,"2025-12-29",,,,,,,,,,,,,,,,,,,,,,,,,,,,,,,,,,,,,,,,
"TVu-132","","","GHC2501","MinicoreUCR_128","GHC2501_247","247","UCR_mini_core","","","UCR_MinicoreUCR_128_2025","147",,,,"2025-12-29",,,,,,,,,,,,,,,,,,,,,,,,,,,,,,,,,,,,,,,,
"TVu-1330","","","GHC2501","MinicoreUCR_129","GHC2501_248","248","UCR_mini_core","","","UCR_MinicoreUCR_129_2025","148",,,,"2025-12-29",,,,,,,,,,,,,,,,,,,,,,,,,,,,,,,,,,,,,,,,
"TVu-13388","","","GHC2501","MinicoreUCR_131","GHC2501_249","249","UCR_mini_core","","","UCR_MinicoreUCR_131_2025","149",,,,"2025-12-29",,,,,,,,,,,,,,,,,,,,,,,,,,,,,,,,,,,,,,,,
"TVu-13463","","","GHC2501","MinicoreUCR_132","GHC2501_250","250","UCR_mini_core","","","UCR_MinicoreUCR_132_2025","150",,,,"2025-12-29",,,,,,,,,,,,,,,,,,,,,,,,,,,,,,,,,,,,,,,,
"TVu-13778","","","GHC2501","MinicoreUCR_134","GHC2501_251","251","UCR_mini_core","","","UCR_MinicoreUCR_134_2025","151",,,,"2025-12-29",,,,,,,,,,,,,,,,,,,,,,,,,,,,,,,,,,,,,,,,
"TVu-13939","","","GHC2501","MinicoreUCR_135","GHC2501_252","252","UCR_mini_core","","","UCR_MinicoreUCR_135_2025","152",,,,"2025-12-29",,,,,,,,,,,,,,,,,,,,,,,,,,,,,,,,,,,,,,,,
"TVu-13950","","","GHC2501","MinicoreUCR_136","GHC2501_253","253","UCR_mini_core","","","UCR_MinicoreUCR_136_2025","153",,,,"2025-12-29",,,,,,,,,,,,,,,,,,,,,,,,,,,,,,,,,,,,,,,,
"TVu-13958","","","GHC2501","MinicoreUCR_137","GHC2501_254","254","UCR_mini_core","","","UCR_MinicoreUCR_137_2025","154",,,,"2025-12-29",,,,,,,,,,,,,,,,,,,,,,,,,,,,,,,,,,,,,,,,
"TVu-13965","","","GHC2501","MinicoreUCR_138","GHC2501_255","255","UCR_mini_core","","","UCR_MinicoreUCR_138_2025","155",,,,"2025-12-29",,,,,,,,,,,,,,,,,,,,,,,,,,,,,,,,,,,,,,,,
"TVu-13968","","","GHC2501","MinicoreUCR_139","GHC2501_256","256","UCR_mini_core","","","UCR_MinicoreUCR_139_2025","156",,,,"2025-12-29",,,,,,,,,,,,,,,,,,,,,,,,,,,,,,,,,,,,,,,,
"TVu-13979","","","GHC2501","MinicoreUCR_140","GHC2501_257","257","UCR_mini_core","","","UCR_MinicoreUCR_140_2025","157",,,,"2025-12-29",,,,,,,,,,,,,,,,,,,,,,,,,,,,,,,,,,,,,,,,
"TVu-14172","","","GHC2501","MinicoreUCR_141","GHC2501_258","258","UCR_mini_core","","","UCR_MinicoreUCR_141_2025","158",,,,"2025-12-29",,,,,,,,,,,,,,,,,,,,,,,,,,,,,,,,,,,,,,,,
"TVu-14190","","","GHC2501","MinicoreUCR_142","GHC2501_259","259","UCR_mini_core","","","UCR_MinicoreUCR_142_2025","159",,,,"2025-12-29",,,,,,,,,,,,,,,,,,,,,,,,,,,,,,,,,,,,,,,,
"TVu-14195","","","GHC2501","MinicoreUCR_143","GHC2501_260","260","UCR_mini_core","","","UCR_MinicoreUCR_143_2025","160",,,,"2025-12-29",,,,,,,,,,,,,,,,,,,,,,,,,,,,,,,,,,,,,,,,
"TVu-14224","","","GHC2501","MinicoreUCR_144","GHC2501_261","261","UCR_mini_core","","","UCR_MinicoreUCR_144_2025","161",,,,"2025-12-29",,,,,,,,,,,,,,,,,,,,,,,,,,,,,,,,,,,,,,,,
"TVu-14248","","","GHC2501","MinicoreUCR_145","GHC2501_262","262","UCR_mini_core","","","UCR_MinicoreUCR_145_2025","162",,,,"2025-12-29",,,,,,,,,,,,,,,,,,,,,,,,,,,,,,,,,,,,,,,,
"TVu-14253","","","GHC2501","MinicoreUCR_146","GHC2501_263","263","UCR_mini_core","","","UCR_MinicoreUCR_146_2025","163",,,,"2025-12-29",,,,,,,,,,,,,,,,,,,,,,,,,,,,,,,,,,,,,,,,
"TVu-14272","","","GHC2501","MinicoreUCR_147","GHC2501_264","264","UCR_mini_core","","","UCR_MinicoreUCR_147_2025","164",,,,"2025-12-29",,,,,,,,,,,,,,,,,,,,,,,,,,,,,,,,,,,,,,,,
"TVu-14321","","","GHC2501","MinicoreUCR_148","GHC2501_265","265","UCR_mini_core","","","UCR_MinicoreUCR_148_2025","165",,,,"2025-12-29",,,,,,,,,,,,,,,,,,,,,,,,,,,,,,,,,,,,,,,,
"TVu-14336","","","GHC2501","MinicoreUCR_149","GHC2501_266","266","UCR_mini_core","","","UCR_MinicoreUCR_149_2025","166",,,,"2025-12-29",,,,,,,,,,,,,,,,,,,,,,,,,,,,,,,,,,,,,,,,
"TVu-14345","","","GHC2501","MinicoreUCR_150","GHC2501_267","267","UCR_mini_core","","","UCR_MinicoreUCR_150_2025","167",,,,"2025-12-23",,,,,,,,,,,,,,,,,,,,,,,,,,,,,,,,,,,,,,,,
"TVu-14346","","","GHC2501","MinicoreUCR_151","GHC2501_268","268","UCR_mini_core","","","UCR_MinicoreUCR_151_2025","168",,,,"2025-12-29",,,,,,,,,,,,,,,,,,,,,,,,,,,,,,,,,,,,,,,,
"TVu-14393","","","GHC2501","MinicoreUCR_152","GHC2501_269","269","UCR_mini_core","","","UCR_MinicoreUCR_152_2025","169",,,,"2025-12-29",,,,,,,,,,,,,,,,,,,,,,,,,,,,,,,,,,,,,,,,
"TVu-14401","","","GHC2501","MinicoreUCR_153","GHC2501_270","270","UCR_mini_core","","","UCR_MinicoreUCR_153_2025","170",,,,"2025-12-29",,,,,,,,,,,,,,,,,,,,,,,,,,,,,,,,,,,,,,,,
"Tvu-14533","","","GHC2501","MinicoreUCR_154","GHC2501_271","271","UCR_mini_core","","","UCR_MinicoreUCR_154_2025","171",,,,"2025-12-29",,,,,,,,,,,,,,,,,,,,,,,,,,,,,,,,,,,,,,,,
"TVu-14621","","","GHC2501","MinicoreUCR_155","GHC2501_272","272","UCR_mini_core","","","UCR_MinicoreUCR_155_2025","172",,,,"2025-12-29",,,,,,,,,,,,,,,,,,,,,,,,,,,,,,,,,,,,,,,,
"TVu-14632","","","GHC2501","MinicoreUCR_156","GHC2501_273","273","UCR_mini_core","","","UCR_MinicoreUCR_156_2025","173",,,,"2025-12-29",,,,,,,,,,,,,,,,,,,,,,,,,,,,,,,,,,,,,,,,
"TVu-14691","","","GHC2501","MinicoreUCR_158","GHC2501_274","274","UCR_mini_core","","","UCR_MinicoreUCR_158_2025","174",,,,"2025-12-29",,,,,,,,,,,,,,,,,,,,,,,,,,,,,,,,,,,,,,,,
"TVu-14759","","","GHC2501","MinicoreUCR_159","GHC2501_275","275","UCR_mini_core","","","UCR_MinicoreUCR_159_2025","175",,,,"2025-12-29",,,,,,,,,,,,,,,,,,,,,,,,,,,,,,,,,,,,,,,,
"TVu-1477","","","GHC2501","MinicoreUCR_160","GHC2501_276","276","UCR_mini_core","","","UCR_MinicoreUCR_160_2025","176",,,,"2025-12-29",,,,,,,,,,,,,,,,,,,,,,,,,,,,,,,,,,,,,,,,
"TVu-14862","","","GHC2501","MinicoreUCR_161","GHC2501_277","277","UCR_mini_core","","","UCR_MinicoreUCR_161_2025","177",,,,"2025-12-29",,,,,,,,,,,,,,,,,,,,,,,,,,,,,,,,,,,,,,,,
"TVu-14875","","","GHC2501","MinicoreUCR_162","GHC2501_278","278","UCR_mini_core","","","UCR_MinicoreUCR_162_2025","178",,,,"2025-12-29",,,,,,,,,,,,,,,,,,,,,,,,,,,,,,,,,,,,,,,,
"TVu-14949","","","GHC2501","MinicoreUCR_163","GHC2501_279","279","UCR_mini_core","","","UCR_MinicoreUCR_163_2025","179",,,,"2025-12-29",,,,,,,,,,,,,,,,,,,,,,,,,,,,,,,,,,,,,,,,
"TVu-14970","","","GHC2501","MinicoreUCR_164","GHC2501_280","280","UCR_mini_core","","","UCR_MinicoreUCR_164_2025","180",,,,"2025-12-29",,,,,,,,,,,,,,,,,,,,,,,,,,,,,,,,,,,,,,,,
"TVu-15114","","","GHC2501","MinicoreUCR_166","GHC2501_281","281","UCR_mini_core","","","UCR_MinicoreUCR_166_2025","181",,,,,,,,,,,,,,,,,,,,,,,,,,,,,,,,,,,,,,,,,,,,
"TVu-15143","","","GHC2501","MinicoreUCR_167","GHC2501_282","282","UCR_mini_core","","","UCR_MinicoreUCR_167_2025","182",,,,"2025-12-29",,,,,,,,,,,,,,,,,,,,,,,,,,,,,,,,,,,,,,,,
"TVu-15315","","","GHC2501","MinicoreUCR_168","GHC2501_283","283","UCR_mini_core","","","UCR_MinicoreUCR_168_2025","183",,,,"2025-12-29",,,,,,,,,,,,,,,,,,,,,,,,,,,,,,,,,,,,,,,,
"TVu-1536","","","GHC2501","MinicoreUCR_169","GHC2501_284","284","UCR_mini_core","","","UCR_MinicoreUCR_169_2025","184",,,,"2025-12-29",,,,,,,,,,,,,,,,,,,,,,,,,,,,,,,,,,,,,,,,
"TVu-15400","","","GHC2501","MinicoreUCR_171","GHC2501_285","285","UCR_mini_core","","","UCR_MinicoreUCR_171_2025","185",,,,"2026-01-02",,,,,,,,,,,,,,,,,,,,,,,,,,,,,,,,,,,,,,,,
"TVu-15411","","","GHC2501","MinicoreUCR_172","GHC2501_286","286","UCR_mini_core","","","UCR_MinicoreUCR_172_2025","186",,,,"2025-12-29",,,,,,,,,,,,,,,,,,,,,,,,,,,,,,,,,,,,,,,,
"TVu-15426","","","GHC2501","MinicoreUCR_173","GHC2501_287","287","UCR_mini_core","","","UCR_MinicoreUCR_173_2025","187",,,,"2025-12-29",,,,,,,,,,,,,,,,,,,,,,,,,,,,,,,,,,,,,,,,
"TVu-15445","","","GHC2501","MinicoreUCR_174","GHC2501_288","288","UCR_mini_core","","","UCR_MinicoreUCR_174_2025","188",,,,"2025-12-29",,,,,,,,,,,,,,,,,,,,,,,,,,,,,,,,,,,,,,,,
"TVu-1556","","","GHC2501","MinicoreUCR_176","GHC2501_289","289","UCR_mini_core","","","UCR_MinicoreUCR_176_2025","189",,,,"2025-12-29",,,,,,,,,,,,,,,,,,,,,,,,,,,,,,,,,,,,,,,,
"TVu-15591","","","GHC2501","MinicoreUCR_177","GHC2501_290","290","UCR_mini_core","","","UCR_MinicoreUCR_177_2025","190",,,,"2025-12-29",,,,,,,,,,,,,,,,,,,,,,,,,,,,,,,,,,,,,,,,
"TVu-15610","","","GHC2501","MinicoreUCR_178","GHC2501_291","291","UCR_mini_core","","","UCR_MinicoreUCR_178_2025","191",,,,"2025-12-29",,,,,,,,,,,,,,,,,,,,,,,,,,,,,,,,,,,,,,,,
"TVu-15636","","","GHC2501","MinicoreUCR_179","GHC2501_292","292","UCR_mini_core","","","UCR_MinicoreUCR_179_2025","192",,,,"2025-12-29",,,,,,,,,,,,,,,,,,,,,,,,,,,,,,,,,,,,,,,,
"TVu-15639","","","GHC2501","MinicoreUCR_180","GHC2501_293","293","UCR_mini_core","","","UCR_MinicoreUCR_180_2025","193",,,,"2025-12-29",,,,,,,,,,,,,,,,,,,,,,,,,,,,,,,,,,,,,,,,
"TVu-15653","","","GHC2501","MinicoreUCR_181","GHC2501_294","294","UCR_mini_core","","","UCR_MinicoreUCR_181_2025","194",,,,"2025-12-29",,,,,,,,,,,,,,,,,,,,,,,,,,,,,,,,,,,,,,,,
"TVu-15661","","","GHC2501","MinicoreUCR_182","GHC2501_295","295","UCR_mini_core","","","UCR_MinicoreUCR_182_2025","195",,,,"2025-12-29",,,,,,,,,,,,,,,,,,,,,,,,,,,,,,,,,,,,,,,,
"TVu-15687","","","GHC2501","MinicoreUCR_183","GHC2501_296","296","UCR_mini_core","","","UCR_MinicoreUCR_183_2025","196",,,,"2025-12-29",,,,,,,,,,,,,,,,,,,,,,,,,,,,,,,,,,,,,,,,
"TVu-1583","","","GHC2501","MinicoreUCR_185","GHC2501_297","297","UCR_mini_core","","","UCR_MinicoreUCR_185_2025","197",,,,"2025-12-29",,,,,,,,,,,,,,,,,,,,,,,,,,,,,,,,,,,,,,,,
"TVu-15861","","","GHC2501","MinicoreUCR_187","GHC2501_298","298","UCR_mini_core","","","UCR_MinicoreUCR_187_2025","198",,,,"2025-12-29",,,,,,,,,,,,,,,,,,,,,,,,,,,,,,,,,,,,,,,,
"TVu-15878","","","GHC2501","MinicoreUCR_188","GHC2501_299","299","UCR_mini_core","","","UCR_MinicoreUCR_188_2025","199",,,,"2025-12-29",,,,,,,,,,,,,,,,,,,,,,,,,,,,,,,,,,,,,,,,
"TVu-15973","","","GHC2501","MinicoreUCR_190","GHC2501_300","300","UCR_mini_core","","","UCR_MinicoreUCR_190_2025","200",,,,"2025-12-29",,,,,,,,,,,,,,,,,,,,,,,,,,,,,,,,,,,,,,,,
"TVu-15995","","","GHC2501","MinicoreUCR_191","GHC2501_301","301","UCR_mini_core","","","UCR_MinicoreUCR_191_2025","201",,,,"2025-12-29",,,,,,,,,,,,,,,,,,,,,,,,,,,,,,,,,,,,,,,,
"TVu-1609","","","GHC2501","MinicoreUCR_192","GHC2501_302","302","UCR_mini_core","","","UCR_MinicoreUCR_192_2025","202",,,,"2025-12-29",,,,,,,,,,,,,,,,,,,,,,,,,,,,,,,,,,,,,,,,
"TVu-16220","","","GHC2501","MinicoreUCR_193","GHC2501_303","303","UCR_mini_core","","","UCR_MinicoreUCR_193_2025","203",,,,"2025-12-29",,,,,,,,,,,,,,,,,,,,,,,,,,,,,,,,,,,,,,,,
"TVu-16237","","","GHC2501","MinicoreUCR_194","GHC2501_304","304","UCR_mini_core","","","UCR_MinicoreUCR_194_2025","204",,,,"2025-12-29",,,,,,,,,,,,,,,,,,,,,,,,,,,,,,,,,,,,,,,,
"TVu-16269","","","GHC2501","MinicoreUCR_196","GHC2501_305","305","UCR_mini_core","","","UCR_MinicoreUCR_196_2025","205",,,,"2025-12-29",,,,,,,,,,,,,,,,,,,,,,,,,,,,,,,,,,,,,,,,
"TVu-16278","","","GHC2501","MinicoreUCR_197","GHC2501_306","306","UCR_mini_core","","","UCR_MinicoreUCR_197_2025","206",,,,"2025-12-29",,,,,,,,,,,,,,,,,,,,,,,,,,,,,,,,,,,,,,,,
"TVu-16304","","","GHC2501","MinicoreUCR_198","GHC2501_307","307","UCR_mini_core","","","UCR_MinicoreUCR_198_2025","207",,,,"2025-12-29",,,,,,,,,,,,,,,,,,,,,,,,,,,,,,,,,,,,,,,,
"TVu-16368","","","GHC2501","MinicoreUCR_199","GHC2501_308","308","UCR_mini_core","","","UCR_MinicoreUCR_199_2025","208",,,,"2025-12-29",,,,,,,,,,,,,,,,,,,,,,,,,,,,,,,,,,,,,,,,
"TVu-1637","","","GHC2501","MinicoreUCR_200","GHC2501_309","309","UCR_mini_core","","","UCR_MinicoreUCR_200_2025","209",,,,"2025-12-29",,,,,,,,,,,,,,,,,,,,,,,,,,,,,,,,,,,,,,,,
"TVu-16403","","","GHC2501","MinicoreUCR_201","GHC2501_310","310","UCR_mini_core","","","UCR_MinicoreUCR_201_2025","210",,,,"2025-12-29",,,,,,,,,,,,,,,,,,,,,,,,,,,,,,,,,,,,,,,,
"TVu-16408","","","GHC2501","MinicoreUCR_202","GHC2501_311","311","UCR_mini_core","","","UCR_MinicoreUCR_202_2025","211",,,,"2025-12-29",,,,,,,,,,,,,,,,,,,,,,,,,,,,,,,,,,,,,,,,
"TVu-16465","","","GHC2501","MinicoreUCR_204","GHC2501_312","312","UCR_mini_core","","","UCR_MinicoreUCR_204_2025","212",,,,"2025-12-29",,,,,,,,,,,,,,,,,,,,,,,,,,,,,,,,,,,,,,,,
"TVu-16504","","","GHC2501","MinicoreUCR_205","GHC2501_313","313","UCR_mini_core","","","UCR_MinicoreUCR_205_2025","213",,,,"2025-12-29",,,,,,,,,,,,,,,,,,,,,,,,,,,,,,,,,,,,,,,,
"TVu-16505","","","GHC2501","MinicoreUCR_206","GHC2501_314","314","UCR_mini_core","","","UCR_MinicoreUCR_206_2025","214",,,,"2025-12-29",,,,,,,,,,,,,,,,,,,,,,,,,,,,,,,,,,,,,,,,
"TVu-16521","","","GHC2501","MinicoreUCR_207","GHC2501_315","315","UCR_mini_core","","","UCR_MinicoreUCR_207_2025","215",,,,"2025-12-29",,,,,,,,,,,,,,,,,,,,,,,,,,,,,,,,,,,,,,,,
"TVu-1715","","","GHC2501","MinicoreUCR_210","GHC2501_316","316","UCR_mini_core","","","UCR_MinicoreUCR_210_2025","216",,,,"2025-12-29",,,,,,,,,,,,,,,,,,,,,,,,,,,,,,,,,,,,,,,,
"TVu-1727","","","GHC2501","MinicoreUCR_211","GHC2501_317","317","UCR_mini_core","","","UCR_MinicoreUCR_211_2025","217",,,,"2025-12-29",,,,,,,,,,,,,,,,,,,,,,,,,,,,,,,,,,,,,,,,
"TVu-1775","","","GHC2501","MinicoreUCR_212","GHC2501_318","318","UCR_mini_core","","","UCR_MinicoreUCR_212_2025","218",,,,"2025-12-29",,,,,,,,,,,,,,,,,,,,,,,,,,,,,,,,,,,,,,,,
"TVu-1780","","","GHC2501","MinicoreUCR_213","GHC2501_319","319","UCR_mini_core","","","UCR_MinicoreUCR_213_2025","219",,,,"2025-12-29",,,,,,,,,,,,,,,,,,,,,,,,,,,,,,,,,,,,,,,,
"TVu-1811","","","GHC2501","MinicoreUCR_214","GHC2501_320","320","UCR_mini_core","","","UCR_MinicoreUCR_214_2025","220",,,,"2025-12-29",,,,,,,,,,,,,,,,,,,,,,,,,,,,,,,,,,,,,,,,
"TVu-1886","","","GHC2501","MinicoreUCR_215","GHC2501_321","321","UCR_mini_core","","","UCR_MinicoreUCR_215_2025","221",,,,"2025-12-29",,,,,,,,,,,,,,,,,,,,,,,,,,,,,,,,,,,,,,,,
"TVu-21","","","GHC2501","MinicoreUCR_218","GHC2501_322","322","UCR_mini_core","","","UCR_MinicoreUCR_218_2025","222",,,,"2025-12-23",,,,,,,,,,,,,,,,,,,,,,,,,,,,,,,,,,,,,,,,
"TVu-2168","","","GHC2501","MinicoreUCR_219","GHC2501_323","323","UCR_mini_core","","","UCR_MinicoreUCR_219_2025","223",,,,"2025-12-29",,,,,,,,,,,,,,,,,,,,,,,,,,,,,,,,,,,,,,,,
"TVu-2280","","","GHC2501","MinicoreUCR_220","GHC2501_324","324","UCR_mini_core","","","UCR_MinicoreUCR_220_2025","224",,,,"2025-12-29",,,,,,,,,,,,,,,,,,,,,,,,,,,,,,,,,,,,,,,,
"TVu-2322","","","GHC2501","MinicoreUCR_221","GHC2501_325","325","UCR_mini_core","","","UCR_MinicoreUCR_221_2025","225",,,,"2025-12-29",,,,,,,,,,,,,,,,,,,,,,,,,,,,,,,,,,,,,,,,
"TVu-2398","","","GHC2501","MinicoreUCR_222","GHC2501_326","326","UCR_mini_core","","","UCR_MinicoreUCR_222_2025","226",,,,"2025-12-23",,,,,,,,,,,,,,,,,,,,,,,,,,,,,,,,,,,,,,,,
"TVu-2418","","","GHC2501","MinicoreUCR_223","GHC2501_327","327","UCR_mini_core","","","UCR_MinicoreUCR_223_2025","227",,,,"2025-12-29",,,,,,,,,,,,,,,,,,,,,,,,,,,,,,,,,,,,,,,,
"TVu-2449","","","GHC2501","MinicoreUCR_224","GHC2501_328","328","UCR_mini_core","","","UCR_MinicoreUCR_224_2025","228",,,,"2025-12-29",,,,,,,,,,,,,,,,,,,,,,,,,,,,,,,,,,,,,,,,
"TVu-2548","","","GHC2501","MinicoreUCR_225","GHC2501_329","329","UCR_mini_core","","","UCR_MinicoreUCR_225_2025","229",,,,"2025-12-29",,,,,,,,,,,,,,,,,,,,,,,,,,,,,,,,,,,,,,,,
"TVu-264","","","GHC2501","MinicoreUCR_226","GHC2501_330","330","UCR_mini_core","","","UCR_MinicoreUCR_226_2025","230",,,,"2025-12-29",,,,,,,,,,,,,,,,,,,,,,,,,,,,,,,,,,,,,,,,
"TVu-2680","","","GHC2501","MinicoreUCR_227","GHC2501_331","331","UCR_mini_core","","","UCR_MinicoreUCR_227_2025","231",,,,"2025-12-29",,,,,,,,,,,,,,,,,,,,,,,,,,,,,,,,,,,,,,,,
"TVu-2723","","","GHC2501","MinicoreUCR_228","GHC2501_332","332","UCR_mini_core","","","UCR_MinicoreUCR_228_2025","232",,,,"2025-12-29",,,,,,,,,,,,,,,,,,,,,,,,,,,,,,,,,,,,,,,,
"TVu-2736","","","GHC2501","MinicoreUCR_229","GHC2501_333","333","UCR_mini_core","","","UCR_MinicoreUCR_229_2025","233",,,,"2025-12-29",,,,,,,,,,,,,,,,,,,,,,,,,,,,,,,,,,,,,,,,
"TVu-2845","","","GHC2501","MinicoreUCR_231","GHC2501_334","334","UCR_mini_core","","","UCR_MinicoreUCR_231_2025","234",,,,"2025-12-23",,,,,,,,,,,,,,,,,,,,,,,,,,,,,,,,,,,,,,,,
"TVu-2933","","","GHC2501","MinicoreUCR_232","GHC2501_335","335","UCR_mini_core","","","UCR_MinicoreUCR_232_2025","235",,,,"2025-12-29",,,,,,,,,,,,,,,,,,,,,,,,,,,,,,,,,,,,,,,,
"TVu-2968","","","GHC2501","MinicoreUCR_233","GHC2501_336","336","UCR_mini_core","","","UCR_MinicoreUCR_233_2025","236",,,,"2025-12-29",,,,,,,,,,,,,,,,,,,,,,,,,,,,,,,,,,,,,,,,
"TVu-2971","","","GHC2501","MinicoreUCR_234","GHC2501_337","337","UCR_mini_core","","","UCR_MinicoreUCR_234_2025","237",,,,"2025-12-29",,,,,,,,,,,,,,,,,,,,,,,,,,,,,,,,,,,,,,,,
"TVu-3043","","","GHC2501","MinicoreUCR_235","GHC2501_338","338","UCR_mini_core","","","UCR_MinicoreUCR_235_2025","238",,,,"2025-12-29",,,,,,,,,,,,,,,,,,,,,,,,,,,,,,,,,,,,,,,,
"TVu-3076","","","GHC2501","MinicoreUCR_236","GHC2501_339","339","UCR_mini_core","","","UCR_MinicoreUCR_236_2025","239",,,,"2025-12-29",,,,,,,,,,,,,,,,,,,,,,,,,,,,,,,,,,,,,,,,
"TVu-3156","","","GHC2501","MinicoreUCR_237","GHC2501_340","340","UCR_mini_core","","","UCR_MinicoreUCR_237_2025","240",,,,"2025-12-29",,,,,,,,,,,,,,,,,,,,,,,,,,,,,,,,,,,,,,,,
"TVu-3282","","","GHC2501","MinicoreUCR_238","GHC2501_341","341","UCR_mini_core","","","UCR_MinicoreUCR_238_2025","241",,,,"2025-12-29",,,,,,,,,,,,,,,,,,,,,,,,,,,,,,,,,,,,,,,,
"TVu-3360","","","GHC2501","MinicoreUCR_239","GHC2501_342","342","UCR_mini_core","","","UCR_MinicoreUCR_239_2025","242",,,,"2025-12-29",,,,,,,,,,,,,,,,,,,,,,,,,,,,,,,,,,,,,,,,
"TVu-3552","","","GHC2501","MinicoreUCR_240","GHC2501_343","343","UCR_mini_core","","","UCR_MinicoreUCR_240_2025","243",,,,"2025-12-29",,,,,,,,,,,,,,,,,,,,,,,,,,,,,,,,,,,,,,,,
"TVu-3565","","","GHC2501","MinicoreUCR_241","GHC2501_344","344","UCR_mini_core","","","UCR_MinicoreUCR_241_2025","244",,,,"2025-12-29",,,,,,,,,,,,,,,,,,,,,,,,,,,,,,,,,,,,,,,,
"TVu-3657","","","GHC2501","MinicoreUCR_243","GHC2501_345","345","UCR_mini_core","","","UCR_MinicoreUCR_243_2025","245",,,,"2025-12-29",,,,,,,,,,,,,,,,,,,,,,,,,,,,,,,,,,,,,,,,
"TVu-3804","","","GHC2501","MinicoreUCR_244","GHC2501_346","346","UCR_mini_core","","","UCR_MinicoreUCR_244_2025","246",,,,"2025-12-29",,,,,,,,,,,,,,,,,,,,,,,,,,,,,,,,,,,,,,,,
"TVu-3817","","","GHC2501","MinicoreUCR_245","GHC2501_347","347","UCR_mini_core","","","UCR_MinicoreUCR_245_2025","247",,,,"2025-12-29",,,,,,,,,,,,,,,,,,,,,,,,,,,,,,,,,,,,,,,,
"TVu-3842","","","GHC2501","MinicoreUCR_247","GHC2501_348","348","UCR_mini_core","","","UCR_MinicoreUCR_247_2025","248",,,,"2025-12-29",,,,,,,,,,,,,,,,,,,,,,,,,,,,,,,,,,,,,,,,
"TVu-393","","","GHC2501","MinicoreUCR_248","GHC2501_349","349","UCR_mini_core","","","UCR_MinicoreUCR_248_2025","249",,,,"2025-12-29",,,,,,,,,,,,,,,,,,,,,,,,,,,,,,,,,,,,,,,,
"TVu-3947","","","GHC2501","MinicoreUCR_249","GHC2501_350","350","UCR_mini_core","","","UCR_MinicoreUCR_249_2025","250",,,,"2025-12-29",,,,,,,,,,,,,,,,,,,,,,,,,,,,,,,,,,,,,,,,
"TVu-3965","","","GHC2501","MinicoreUCR_250","GHC2501_351","351","UCR_mini_core","","","UCR_MinicoreUCR_250_2025","251",,,,"2025-12-29",,,,,,,,,,,,,,,,,,,,,,,,,,,,,,,,,,,,,,,,
"TVu-415","","","GHC2501","MinicoreUCR_253","GHC2501_352","352","UCR_mini_core","","","UCR_MinicoreUCR_253_2025","252",,,,"2025-12-29",,,,,,,,,,,,,,,,,,,,,,,,,,,,,,,,,,,,,,,,
"TVu-43","","","GHC2501","MinicoreUCR_254","GHC2501_353","353","UCR_mini_core","","","UCR_MinicoreUCR_254_2025","253",,,,"2025-12-29",,,,,,,,,,,,,,,,,,,,,,,,,,,,,,,,,,,,,,,,
"TVu-4316","","","GHC2501","MinicoreUCR_255","GHC2501_354","354","UCR_mini_core","","","UCR_MinicoreUCR_255_2025","254",,,,"2025-12-29",,,,,,,,,,,,,,,,,,,,,,,,,,,,,,,,,,,,,,,,
"TVu-4535","","","GHC2501","MinicoreUCR_256","GHC2501_355","355","UCR_mini_core","","","UCR_MinicoreUCR_256_2025","255",,,,"2025-12-29",,,,,,,,,,,,,,,,,,,,,,,,,,,,,,,,,,,,,,,,
"TVu-4557","","","GHC2501","MinicoreUCR_258","GHC2501_356","356","UCR_mini_core","","","UCR_MinicoreUCR_258_2025","256",,,,"2025-12-29",,,,,,,,,,,,,,,,,,,,,,,,,,,,,,,,,,,,,,,,
"TVu-456","","","GHC2501","MinicoreUCR_259","GHC2501_357","357","UCR_mini_core","","","UCR_MinicoreUCR_259_2025","257",,,,"2025-12-29",,,,,,,,,,,,,,,,,,,,,,,,,,,,,,,,,,,,,,,,
"TVu-4622","","","GHC2501","MinicoreUCR_260","GHC2501_358","358","UCR_mini_core","","","UCR_MinicoreUCR_260_2025","258",,,,"2025-12-29",,,,,,,,,,,,,,,,,,,,,,,,,,,,,,,,,,,,,,,,
"TVu-4669","","","GHC2501","MinicoreUCR_262","GHC2501_359","359","UCR_mini_core","","","UCR_MinicoreUCR_262_2025","259",,,,"2025-12-29",,,,,,,,,,,,,,,,,,,,,,,,,,,,,,,,,,,,,,,,
"TVu-467","","","GHC2501","MinicoreUCR_263","GHC2501_360","360","UCR_mini_core","","","UCR_MinicoreUCR_263_2025","260",,,,"2025-12-29",,,,,,,,,,,,,,,,,,,,,,,,,,,,,,,,,,,,,,,,
"TVu-4711","","","GHC2501","MinicoreUCR_264","GHC2501_361","361","UCR_mini_core","","","UCR_MinicoreUCR_264_2025","261",,,,"2025-12-29",,,,,,,,,,,,,,,,,,,,,,,,,,,,,,,,,,,,,,,,
"TVu-4984","","","GHC2501","MinicoreUCR_265","GHC2501_362","362","UCR_mini_core","","","UCR_MinicoreUCR_265_2025","262",,,,"2025-12-29",,,,,,,,,,,,,,,,,,,,,,,,,,,,,,,,,,,,,,,,
"TVu-53","","","GHC2501","MinicoreUCR_266","GHC2501_363","363","UCR_mini_core","","","UCR_MinicoreUCR_266_2025","263",,,,"2025-12-29",,,,,,,,,,,,,,,,,,,,,,,,,,,,,,,,,,,,,,,,
"TVu-5444","","","GHC2501","MinicoreUCR_267","GHC2501_364","364","UCR_mini_core","","","UCR_MinicoreUCR_267_2025","264",,,,"2025-12-29",,,,,,,,,,,,,,,,,,,,,,,,,,,,,,,,,,,,,,,,
"TVu-6356","","","GHC2501","MinicoreUCR_268","GHC2501_365","365","UCR_mini_core","","","UCR_MinicoreUCR_268_2025","265",,,,"2025-12-29",,,,,,,,,,,,,,,,,,,,,,,,,,,,,,,,,,,,,,,,
"TVu-6365","","","GHC2501","MinicoreUCR_269","GHC2501_366","366","UCR_mini_core","","","UCR_MinicoreUCR_269_2025","266",,,,"2025-12-29",,,,,,,,,,,,,,,,,,,,,,,,,,,,,,,,,,,,,,,,
"TVu-6439","","","GHC2501","MinicoreUCR_270","GHC2501_367","367","UCR_mini_core","","","UCR_MinicoreUCR_270_2025","267",,,,"2025-12-29",,,,,,,,,,,,,,,,,,,,,,,,,,,,,,,,,,,,,,,,
"TVu-6464","","","GHC2501","MinicoreUCR_271","GHC2501_368","368","UCR_mini_core","","","UCR_MinicoreUCR_271_2025","268",,,,"2025-12-29",,,,,,,,,,,,,,,,,,,,,,,,,,,,,,,,,,,,,,,,
"TVu-6493","","","GHC2501","MinicoreUCR_273","GHC2501_369","369","UCR_mini_core","","","UCR_MinicoreUCR_273_2025","269",,,,"2025-12-29",,,,,,,,,,,,,,,,,,,,,,,,,,,,,,,,,,,,,,,,
"TVu-6641","","","GHC2501","MinicoreUCR_274","GHC2501_370","370","UCR_mini_core","","","UCR_MinicoreUCR_274_2025","270",,,,"2025-12-29",,,,,,,,,,,,,,,,,,,,,,,,,,,,,,,,,,,,,,,,
"TVu-6663","","","GHC2501","MinicoreUCR_278","GHC2501_371","371","UCR_mini_core","","","UCR_MinicoreUCR_278_2025","271",,,,"2025-12-29",,,,,,,,,,,,,,,,,,,,,,,,,,,,,,,,,,,,,,,,
"TVu-6968","","","GHC2501","MinicoreUCR_282","GHC2501_372","372","UCR_mini_core","","","UCR_MinicoreUCR_282_2025","272",,,,"2025-12-29",,,,,,,,,,,,,,,,,,,,,,,,,,,,,,,,,,,,,,,,
"TVu-7362","","","GHC2501","MinicoreUCR_287","GHC2501_373","373","UCR_mini_core","","","UCR_MinicoreUCR_287_2025","273",,,,"2025-12-29",,,,,,,,,,,,,,,,,,,,,,,,,,,,,,,,,,,,,,,,
"TVu-7559","","","GHC2501","MinicoreUCR_289","GHC2501_374","374","UCR_mini_core","","","UCR_MinicoreUCR_289_2025","274",,,,"2025-12-29",,,,,,,,,,,,,,,,,,,,,,,,,,,,,,,,,,,,,,,,
"TVu-7625","","","GHC2501","MinicoreUCR_290","GHC2501_375","375","UCR_mini_core","","","UCR_MinicoreUCR_290_2025","275",,,,"2026-01-05",,,,,,,,,,,,,,,,,,,,,,,,,,,,,,,,,,,,,,,,
"TVu-7642","","","GHC2501","MinicoreUCR_291","GHC2501_376","376","UCR_mini_core","","","UCR_MinicoreUCR_291_2025","276",,,,"2025-12-29",,,,,,,,,,,,,,,,,,,,,,,,,,,,,,,,,,,,,,,,
"TVu-7684","","","GHC2501","MinicoreUCR_293","GHC2501_377","377","UCR_mini_core","","","UCR_MinicoreUCR_293_2025","277",,,,"2025-12-29",,,,,,,,,,,,,,,,,,,,,,,,,,,,,,,,,,,,,,,,
"TVu-7719","","","GHC2501","MinicoreUCR_294","GHC2501_378","378","UCR_mini_core","","","UCR_MinicoreUCR_294_2025","278",,,,"2025-12-29",,,,,,,,,,,,,,,,,,,,,,,,,,,,,,,,,,,,,,,,
"TVu-7739","","","GHC2501","MinicoreUCR_295","GHC2501_379","379","UCR_mini_core","","","UCR_MinicoreUCR_295_2025","279",,,,"2025-12-29",,,,,,,,,,,,,,,,,,,,,,,,,,,,,,,,,,,,,,,,
"TVu-7755","","","GHC2501","MinicoreUCR_296","GHC2501_380","380","UCR_mini_core","","","UCR_MinicoreUCR_296_2025","280",,,,"2025-12-29",,,,,,,,,,,,,,,,,,,,,,,,,,,,,,,,,,,,,,,,
"TVu-7778","","","GHC2501","MinicoreUCR_297","GHC2501_381","381","UCR_mini_core","","","UCR_MinicoreUCR_297_2025","281",,,,"2025-12-29",,,,,,,,,,,,,,,,,,,,,,,,,,,,,,,,,,,,,,,,
"TVu-7971","","","GHC2501","MinicoreUCR_299","GHC2501_382","382","UCR_mini_core","","","UCR_MinicoreUCR_299_2025","282",,,,"2025-12-29",,,,,,,,,,,,,,,,,,,,,,,,,,,,,,,,,,,,,,,,
"TVu-8","","","GHC2501","MinicoreUCR_301","GHC2501_383","383","UCR_mini_core","","","UCR_MinicoreUCR_301_2025","283",,,,"2025-12-29",,,,,,,,,,,,,,,,,,,,,,,,,,,,,,,,,,,,,,,,
"TVu-8059","","","GHC2501","MinicoreUCR_302","GHC2501_384","384","UCR_mini_core","","","UCR_MinicoreUCR_302_2025","284",,,,"2025-12-29",,,,,,,,,,,,,,,,,,,,,,,,,,,,,,,,,,,,,,,,
"TVu-8072","","","GHC2501","MinicoreUCR_303","GHC2501_385","385","UCR_mini_core","","","UCR_MinicoreUCR_303_2025","285",,,,"2025-12-29",,,,,,,,,,,,,,,,,,,,,,,,,,,,,,,,,,,,,,,,
"TVu-8082","","","GHC2501","MinicoreUCR_304","GHC2501_386","386","UCR_mini_core","","","UCR_MinicoreUCR_304_2025","286",,,,"2025-12-29",,,,,,,,,,,,,,,,,,,,,,,,,,,,,,,,,,,,,,,,
"Tvu-8389","","","GHC2501","MinicoreUCR_307","GHC2501_387","387","UCR_mini_core","","","UCR_MinicoreUCR_307_2025","287",,,,"2025-12-29",,,,,,,,,,,,,,,,,,,,,,,,,,,,,,,,,,,,,,,,
"TVu-84","","","GHC2501","MinicoreUCR_308","GHC2501_388","388","UCR_mini_core","","","UCR_MinicoreUCR_308_2025","288",,,,"2025-12-29",,,,,,,,,,,,,,,,,,,,,,,,,,,,,,,,,,,,,,,,
"TVu-8612","","","GHC2501","MinicoreUCR_309","GHC2501_389","389","UCR_mini_core","","","UCR_MinicoreUCR_309_2025","289",,,,"2025-12-29",,,,,,,,,,,,,,,,,,,,,,,,,,,,,,,,,,,,,,,,
"TVu-8622","","","GHC2501","MinicoreUCR_310","GHC2501_390","390","UCR_mini_core","","","UCR_MinicoreUCR_310_2025","290",,,,"2025-12-29",,,,,,,,,,,,,,,,,,,,,,,,,,,,,,,,,,,,,,,,
"TVu-8631","","","GHC2501","MinicoreUCR_311","GHC2501_391","391","UCR_mini_core","","","UCR_MinicoreUCR_311_2025","291",,,,"2025-12-29",,,,,,,,,,,,,,,,,,,,,,,,,,,,,,,,,,,,,,,,
"TVu-8656","","","GHC2501","MinicoreUCR_313","GHC2501_392","392","UCR_mini_core","","","UCR_MinicoreUCR_313_2025","292",,,,"2025-12-29",,,,,,,,,,,,,,,,,,,,,,,,,,,,,,,,,,,,,,,,
"TVu-8671","","","GHC2501","MinicoreUCR_314","GHC2501_393","393","UCR_mini_core","","","UCR_MinicoreUCR_314_2025","293",,,,"2025-12-29",,,,,,,,,,,,,,,,,,,,,,,,,,,,,,,,,,,,,,,,
"TVu-8673","","","GHC2501","MinicoreUCR_315","GHC2501_394","394","UCR_mini_core","","","UCR_MinicoreUCR_315_2025","294",,,,"2025-12-29",,,,,,,,,,,,,,,,,,,,,,,,,,,,,,,,,,,,,,,,
"TVu-8702","","","GHC2501","MinicoreUCR_316","GHC2501_395","395","UCR_mini_core","","","UCR_MinicoreUCR_316_2025","295",,,,"2025-12-29",,,,,,,,,,,,,,,,,,,,,,,,,,,,,,,,,,,,,,,,
"TVu-8713","","","GHC2501","MinicoreUCR_317","GHC2501_396","396","UCR_mini_core","","","UCR_MinicoreUCR_317_2025","296",,,,"2025-12-29",,,,,,,,,,,,,,,,,,,,,,,,,,,,,,,,,,,,,,,,
"TVu-8775","","","GHC2501","MinicoreUCR_318","GHC2501_397","397","UCR_mini_core","","","UCR_MinicoreUCR_318_2025","297",,,,"2025-12-29",,,,,,,,,,,,,,,,,,,,,,,,,,,,,,,,,,,,,,,,
"TVu-8877","","","GHC2501","MinicoreUCR_322","GHC2501_398","398","UCR_mini_core","","","UCR_MinicoreUCR_322_2025","298",,,,"2025-12-29",,,,,,,,,,,,,,,,,,,,,,,,,,,,,,,,,,,,,,,,
"TVu-9073","","","GHC2501","MinicoreUCR_328","GHC2501_399","399","UCR_mini_core","","","UCR_MinicoreUCR_328_2025","299",,,,"2025-12-29",,,,,,,,,,,,,,,,,,,,,,,,,,,,,,,,,,,,,,,,
"TVu-9095","","","GHC2501","MinicoreUCR_329","GHC2501_400","400","UCR_mini_core","","","UCR_MinicoreUCR_329_2025","300",,,,"2025-12-29",,,,,,,,,,,,,,,,,,,,,,,,,,,,,,,,,,,,,,,,
"TVu-9256","","","GHC2501","MinicoreUCR_330","GHC2501_401","401","UCR_mini_core","","","UCR_MinicoreUCR_330_2025","301",,,,"2025-12-29",,,,,,,,,,,,,,,,,,,,,,,,,,,,,,,,,,,,,,,,
"TVu-9257","","","GHC2501","MinicoreUCR_331","GHC2501_402","402","UCR_mini_core","","","UCR_MinicoreUCR_331_2025","302",,,,"2025-12-29",,,,,,,,,,,,,,,,,,,,,,,,,,,,,,,,,,,,,,,,
"TVu-9259","","","GHC2501","MinicoreUCR_332","GHC2501_403","403","UCR_mini_core","","","UCR_MinicoreUCR_332_2025","303",,,,"2025-12-29",,,,,,,,,,,,,,,,,,,,,,,,,,,,,,,,,,,,,,,,
"TVu-9265","","","GHC2501","MinicoreUCR_333","GHC2501_404","404","UCR_mini_core","","","UCR_MinicoreUCR_333_2025","304",,,,"2025-12-29",,,,,,,,,,,,,,,,,,,,,,,,,,,,,,,,,,,,,,,,
"TVu-9393","","","GHC2501","MinicoreUCR_334","GHC2501_405","405","UCR_mini_core","","","UCR_MinicoreUCR_334_2025","305",,,,"2025-12-29",,,,,,,,,,,,,,,,,,,,,,,,,,,,,,,,,,,,,,,,
"TVu-946","","","GHC2501","MinicoreUCR_335","GHC2501_406","406","UCR_mini_core","","","UCR_MinicoreUCR_335_2025","306",,,,"2025-12-29",,,,,,,,,,,,,,,,,,,,,,,,,,,,,,,,,,,,,,,,
"TVu-9469","","","GHC2501","MinicoreUCR_337","GHC2501_407","407","UCR_mini_core","","","UCR_MinicoreUCR_337_2025","307",,,,"2025-12-29",,,,,,,,,,,,,,,,,,,,,,,,,,,,,,,,,,,,,,,,
"TVu-9474","","","GHC2501","MinicoreUCR_338","GHC2501_408","408","UCR_mini_core","","","UCR_MinicoreUCR_338_2025","308",,,,"2025-12-29",,,,,,,,,,,,,,,,,,,,,,,,,,,,,,,,,,,,,,,,
"TVu-9486","","","GHC2501","MinicoreUCR_339","GHC2501_409","409","UCR_mini_core","","","UCR_MinicoreUCR_339_2025","309",,,,"2025-12-29",,,,,,,,,,,,,,,,,,,,,,,,,,,,,,,,,,,,,,,,
"TVu-9492","","","GHC2501","MinicoreUCR_340","GHC2501_410","410","UCR_mini_core","","","UCR_MinicoreUCR_340_2025","310",,,,"2025-12-29",,,,,,,,,,,,,,,,,,,,,,,,,,,,,,,,,,,,,,,,
"TVu-9506","","","GHC2501","MinicoreUCR_341","GHC2501_411","411","UCR_mini_core","","","UCR_MinicoreUCR_341_2025","311",,,,"2025-12-29",,,,,,,,,,,,,,,,,,,,,,,,,,,,,,,,,,,,,,,,
"TVu-9508","","","GHC2501","MinicoreUCR_342","GHC2501_412","412","UCR_mini_core","","","UCR_MinicoreUCR_342_2025","312",,,,"2025-12-29",,,,,,,,,,,,,,,,,,,,,,,,,,,,,,,,,,,,,,,,
"TVu-9516","","","GHC2501","MinicoreUCR_343","GHC2501_413","413","UCR_mini_core","","","UCR_MinicoreUCR_343_2025","313",,,,"2025-12-29",,,,,,,,,,,,,,,,,,,,,,,,,,,,,,,,,,,,,,,,
"TVu-9522","","","GHC2501","MinicoreUCR_344","GHC2501_414","414","UCR_mini_core","","","UCR_MinicoreUCR_344_2025","314",,,,"2025-12-29",,,,,,,,,,,,,,,,,,,,,,,,,,,,,,,,,,,,,,,,
"TVu-9556","","","GHC2501","MinicoreUCR_345","GHC2501_415","415","UCR_mini_core","","","UCR_MinicoreUCR_345_2025","315",,,,"2025-12-29",,,,,,,,,,,,,,,,,,,,,,,,,,,,,,,,,,,,,,,,
"TVu-9557","","","GHC2501","MinicoreUCR_346","GHC2501_416","416","UCR_mini_core","","","UCR_MinicoreUCR_346_2025","316",,,,"2025-12-29",,,,,,,,,,,,,,,,,,,,,,,,,,,,,,,,,,,,,,,,
"TVu-9620","","","GHC2501","MinicoreUCR_347","GHC2501_417","417","UCR_mini_core","","","UCR_MinicoreUCR_347_2025","317",,,,"2025-12-29",,,,,,,,,,,,,,,,,,,,,,,,,,,,,,,,,,,,,,,,
"TVu-9651","","","GHC2501","MinicoreUCR_348","GHC2501_418","418","UCR_mini_core","","","UCR_MinicoreUCR_348_2025","318",,,,"2025-12-29",,,,,,,,,,,,,,,,,,,,,,,,,,,,,,,,,,,,,,,,
"TVu-969","","","GHC2501","MinicoreUCR_350","GHC2501_419","419","UCR_mini_core","","","UCR_MinicoreUCR_350_2025","319",,,,"2025-12-29",,,,,,,,,,,,,,,,,,,,,,,,,,,,,,,,,,,,,,,,
"TVu-972","","","GHC2501","MinicoreUCR_351","GHC2501_420","420","UCR_mini_core","","","UCR_MinicoreUCR_351_2025","320",,,,"2025-12-29",,,,,,,,,,,,,,,,,,,,,,,,,,,,,,,,,,,,,,,,
"TVu-9749","","","GHC2501","MinicoreUCR_352","GHC2501_421","421","UCR_mini_core","","","UCR_MinicoreUCR_352_2025","321",,,,"2025-12-29",,,,,,,,,,,,,,,,,,,,,,,,,,,,,,,,,,,,,,,,
"TVu-9801","","","GHC2501","MinicoreUCR_353","GHC2501_422","422","UCR_mini_core","","","UCR_MinicoreUCR_353_2025","322",,,,"2025-12-29",,,,,,,,,,,,,,,,,,,,,,,,,,,,,,,,,,,,,,,,
"TVu-9820","","","GHC2501","MinicoreUCR_354","GHC2501_423","423","UCR_mini_core","","","UCR_MinicoreUCR_354_2025","323",,,,"2025-12-29",,,,,,,,,,,,,,,,,,,,,,,,,,,,,,,,,,,,,,,,
"TVu-9848","","","GHC2501","MinicoreUCR_355","GHC2501_424","424","UCR_mini_core","","","UCR_MinicoreUCR_355_2025","324",,,,"2025-12-29",,,,,,,,,,,,,,,,,,,,,,,,,,,,,,,,,,,,,,,,
"TVu-9866","","","GHC2501","MinicoreUCR_356","GHC2501_425","425","UCR_mini_core","","","UCR_MinicoreUCR_356_2025","325",,,,"2025-12-29",,,,,,,,,,,,,,,,,,,,,,,,,,,,,,,,,,,,,,,,
"UCR_11","","UCR 11","GHC2501","MinicoreUCR_357","GHC2501_426","426","UCR_mini_core","","","UCR_MinicoreUCR_357_2025","326",,,,"2025-12-29",,,,,,,,,,,,,,,,,,,,,,,,,,,,,,,,,,,,,,,,
"UCR_1340","","UCR 1340","GHC2501","MinicoreUCR_358","GHC2501_427","427","UCR_mini_core","","","UCR_MinicoreUCR_358_2025","327",,,,"2025-12-29",,,,,,,,,,,,,,,,,,,,,,,,,,,,,,,,,,,,,,,,
"UCR_1342","","UCR 1342","GHC2501","MinicoreUCR_359","GHC2501_428","428","UCR_mini_core","","","UCR_MinicoreUCR_359_2025","328",,,,"2025-12-29",,,,,,,,,,,,,,,,,,,,,,,,,,,,,,,,,,,,,,,,
"UCR_1432","","UCR 1432","GHC2501","MinicoreUCR_360","GHC2501_429","429","UCR_mini_core","","","UCR_MinicoreUCR_360_2025","329",,,,"2025-12-29",,,,,,,,,,,,,,,,,,,,,,,,,,,,,,,,,,,,,,,,
"UCR_162","","UCR 162","GHC2501","MinicoreUCR_361","GHC2501_430","430","UCR_mini_core","","","UCR_MinicoreUCR_361_2025","330",,,,"2025-12-29",,,,,,,,,,,,,,,,,,,,,,,,,,,,,,,,,,,,,,,,
"UCR_193","","UCR 193","GHC2501","MinicoreUCR_362","GHC2501_431","431","UCR_mini_core","","","UCR_MinicoreUCR_362_2025","331",,,,"2025-12-29",,,,,,,,,,,,,,,,,,,,,,,,,,,,,,,,,,,,,,,,
"UCR_24","","UCR 24","GHC2501","MinicoreUCR_363","GHC2501_432","432","UCR_mini_core","","","UCR_MinicoreUCR_363_2025","332",,,,"2025-12-29",,,,,,,,,,,,,,,,,,,,,,,,,,,,,,,,,,,,,,,,
"UCR_288","","UCR 288","GHC2501","MinicoreUCR_366","GHC2501_433","433","UCR_mini_core","","","UCR_MinicoreUCR_366_2025","333",,,,"2025-12-29",,,,,,,,,,,,,,,,,,,,,,,,,,,,,,,,,,,,,,,,
"UCR_3301","","UCR 3301","GHC2501","MinicoreUCR_368","GHC2501_434","434","UCR_mini_core","","","UCR_MinicoreUCR_368_2025","334",,,,"2025-12-29",,,,,,,,,,,,,,,,,,,,,,,,,,,,,,,,,,,,,,,,
"UCR_3326","","UCR 3326","GHC2501","MinicoreUCR_369","GHC2501_435","435","UCR_mini_core","","","UCR_MinicoreUCR_369_2025","335",,,,"2025-12-29",,,,,,,,,,,,,,,,,,,,,,,,,,,,,,,,,,,,,,,,
"UCR_5164","","UCR 5164","GHC2501","MinicoreUCR_372","GHC2501_436","436","UCR_mini_core","","","UCR_MinicoreUCR_372_2025","336",,,,"2025-12-29",,,,,,,,,,,,,,,,,,,,,,,,,,,,,,,,,,,,,,,,
"UCR_5272","","UCR 5272","GHC2501","MinicoreUCR_373","GHC2501_437","437","UCR_mini_core","","","UCR_MinicoreUCR_373_2025","337",,,,"2025-12-29",,,,,,,,,,,,,,,,,,,,,,,,,,,,,,,,,,,,,,,,
"UCR_5275","","UCR 5275","GHC2501","MinicoreUCR_374","GHC2501_438","438","UCR_mini_core","","","UCR_MinicoreUCR_374_2025","338",,,,"2025-12-29",,,,,,,,,,,,,,,,,,,,,,,,,,,,,,,,,,,,,,,,
"UCR_5279","","UCR 5279","GHC2501","MinicoreUCR_375","GHC2501_439","439","UCR_mini_core","","","UCR_MinicoreUCR_375_2025","339",,,,"2025-12-29",,,,,,,,,,,,,,,,,,,,,,,,,,,,,,,,,,,,,,,,
"UCR_5280","","UCR 5280","GHC2501","MinicoreUCR_376","GHC2501_440","440","UCR_mini_core","","","UCR_MinicoreUCR_376_2025","340",,,,"2025-12-29",,,,,,,,,,,,,,,,,,,,,,,,,,,,,,,,,,,,,,,,
"UCR_5353","","UCR 5353","GHC2501","MinicoreUCR_378","GHC2501_441","441","UCR_mini_core","","","UCR_MinicoreUCR_378_2025","341",,,,"2025-12-29",,,,,,,,,,,,,,,,,,,,,,,,,,,,,,,,,,,,,,,,
"UCR_5385","","UCR 5385","GHC2501","MinicoreUCR_379","GHC2501_442","442","UCR_mini_core","","","UCR_MinicoreUCR_379_2025","342",,,,"2025-12-29",,,,,,,,,,,,,,,,,,,,,,,,,,,,,,,,,,,,,,,,
"UCR_707","","UCR 707","GHC2501","MinicoreUCR_380","GHC2501_443","443","UCR_mini_core","","","UCR_MinicoreUCR_380_2025","343",,,,"2025-12-29",,,,,,,,,,,,,,,,,,,,,,,,,,,,,,,,,,,,,,,,
"UCR_739","","UCR 739","GHC2501","MinicoreUCR_381","GHC2501_444","444","UCR_mini_core","","","UCR_MinicoreUCR_381_2025","344",,,,"2025-12-29",,,,,,,,,,,,,,,,,,,,,,,,,,,,,,,,,,,,,,,,
"UCR_779","","UCR 779","GHC2501","MinicoreUCR_382","GHC2501_445","445","UCR_mini_core","","","UCR_MinicoreUCR_382_2025","345",,,,"2025-12-29",,,,,,,,,,,,,,,,,,,,,,,,,,,,,,,,,,,,,,,,
"UCR_830","","UCR 830","GHC2501","MinicoreUCR_383","GHC2501_446","446","UCR_mini_core","","","UCR_MinicoreUCR_383_2025","346",,,,"2025-12-29",,,,,,,,,,,,,,,,,,,,,,,,,,,,,,,,,,,,,,,,
"VAR-10B","","","GHC2501","MinicoreUCR_384","GHC2501_447","447","UCR_mini_core","","","UCR_MinicoreUCR_384_2025","347",,,,"2025-12-29",,,,,,,,,,,,,,,,,,,,,,,,,,,,,,,,,,,,,,,,
"VAR-3A","","","GHC2501","MinicoreUCR_385","GHC2501_448","448","UCR_mini_core","","","UCR_MinicoreUCR_385_2025","348",,,,"2025-12-29",,,,,,,,,,,,,,,,,,,,,,,,,,,,,,,,,,,,,,,,
"Xingove","","","GHC2501","MinicoreUCR_387","GHC2501_449","449","UCR_mini_core","","","UCR_MinicoreUCR_387_2025","349",,,,"2025-12-29",,,,,,,,,,,,,,,,,,,,,,,,,,,,,,,,,,,,,,,,
"Yacine","","","GHC2501","MinicoreUCR_388","GHC2501_450","450","UCR_mini_core","","","UCR_MinicoreUCR_388_2025","350",,,,"2025-12-29",,,,,,,,,,,,,,,,,,,,,,,,,,,,,,,,,,,,,,,,
"Vazzano_Brown","","Vazzano Brown","GHC2501","MinicoreUCR_389","GHC2501_451","451","UCR_mini_core","","","UCR_MinicoreUCR_389_2025","351",,,,"2025-12-29",,,,,,,,,,,,,,,,,,,,,,,,,,,,,,,,,,,,,,,,
"Vazzano_Black","","Vazzano Black","GHC2501","MinicoreUCR_390","GHC2501_452","452","UCR_mini_core","","","UCR_MinicoreUCR_390_2025","352",,,,"2025-12-29",,,,,,,,,,,,,,,,,,,,,,,,,,,,,,,,,,,,,,,,
"Cp_4877","","Cp 4877","GHC2501","MinicoreUCR_391","GHC2501_453","453","UCR_mini_core","","","UCR_MinicoreUCR_391_2025","353",,,,"2025-12-29",,,,,,,,,,,,,,,,,,,,,,,,,,,,,,,,,,,,,,,,
"Cp_4906","","Cp 4906","GHC2501","MinicoreUCR_392","GHC2501_454","454","UCR_mini_core","","","UCR_MinicoreUCR_392_2025","354",,,,"2025-12-29",,,,,,,,,,,,,,,,,,,,,,,,,,,,,,,,,,,,,,,,
"Cp_5556","","Cp 5556","GHC2501","MinicoreUCR_393","GHC2501_455","455","UCR_mini_core","","","UCR_MinicoreUCR_393_2025","355",,,,"2025-12-29",,,,,,,,,,,,,,,,,,,,,,,,,,,,,,,,,,,,,,,,
"Cp_5647","","Cp 5647","GHC2501","MinicoreUCR_394","GHC2501_456","456","UCR_mini_core","","","UCR_MinicoreUCR_394_2025","356",,,,"2025-12-29",,,,,,,,,,,,,,,,,,,,,,,,,,,,,,,,,,,,,,,,
"Vg48","","","GHC2501","MinicoreUCR_395","GHC2501_457","457","UCR_mini_core","","","UCR_MinicoreUCR_395_2025","357",,,,"2025-12-29",,,,,,,,,,,,,,,,,,,,,,,,,,,,,,,,,,,,,,,,
"Vg50","","","GHC2501","MinicoreUCR_396","GHC2501_458","458","UCR_mini_core","","","UCR_MinicoreUCR_396_2025","358",,,,"2025-12-29",,,,,,,,,,,,,,,,,,,,,,,,,,,,,,,,,,,,,,,,
"Vg56","","","GHC2501","MinicoreUCR_397","GHC2501_459","459","UCR_mini_core","","","UCR_MinicoreUCR_397_2025","359",,,,"2025-12-29",,,,,,,,,,,,,,,,,,,,,,,,,,,,,,,,,,,,,,,,
"Vg58","","","GHC2501","MinicoreUCR_398","GHC2501_460","460","UCR_mini_core","","","UCR_MinicoreUCR_398_2025","360",,,,"2025-12-29",,,,,,,,,,,,,,,,,,,,,,,,,,,,,,,,,,,,,,,,
"Vg62","","","GHC2501","MinicoreUCR_399","GHC2501_461","461","UCR_mini_core","","","UCR_MinicoreUCR_399_2025","361",,,,"2025-12-29",,,,,,,,,,,,,,,,,,,,,,,,,,,,,,,,,,,,,,,,
"Vg72","","","GHC2501","MinicoreUCR_401","GHC2501_462","462","UCR_mini_core","","","UCR_MinicoreUCR_401_2025","362",,,,"2025-12-29",,,,,,,,,,,,,,,,,,,,,,,,,,,,,,,,,,,,,,,,
"Vg73","","","GHC2501","MinicoreUCR_402","GHC2501_463","463","UCR_mini_core","","","UCR_MinicoreUCR_402_2025","363",,,,"2025-12-29",,,,,,,,,,,,,,,,,,,,,,,,,,,,,,,,,,,,,,,,
"CB46","","","GHC2501","MinicoreUCR_403","GHC2501_464","464","UCR_mini_core","","","UCR_MinicoreUCR_403_2025","364",,,,"2025-12-29",,,,,,,,,,,,,,,,,,,,,,,,,,,,,,,,,,,,,,,,
