"experiment","plot_name","accession_name","common_name","minicore_id","plot_number","range","row","block","population_name","seedlot_name","sort"
"GHC2501","GHC2501_101","24-125-B-1",,"MinicoreUCR_002","101",,,"1","UCR_mini_core","UCR_MinicoreUCR_002_2025",1
"GHC2501","GHC2501_102","58-53",,"MinicoreUCR_004","102",,,"1","UCR_mini_core","UCR_MinicoreUCR_004_2025",2
"GHC2501","GHC2501_103","Bun_22_Ghana","Bun 22 Ghana","MinicoreUCR_008","103",,,"1","UCR_mini_core","UCR_MinicoreUCR_008_2025",3
"GHC2501","GHC2501_104","Cameroon_7-29","Cameroon 7-29","MinicoreUCR_011","104",,,"1","UCR_mini_core","UCR_MinicoreUCR_011_2025",4
"GHC2501","GHC2501_105","Iron_Clay","Iron Clay","MinicoreUCR_041","105",,,"1","UCR_mini_core","UCR_MinicoreUCR_041_2025",5
"GHC2501","GHC2501_106","Montiero",,"MinicoreUCR_086","106",,,"1","UCR_mini_core","UCR_MinicoreUCR_086_2025",6
"GHC2501","GHC2501_107","Nhacoongo-3",,"MinicoreUCR_094","107",,,"1","UCR_mini_core","UCR_MinicoreUCR_094_2025",7
"GHC2501","GHC2501_108","Tete-2",,"MinicoreUCR_100","108",,,"1","UCR_mini_core","UCR_MinicoreUCR_100_2025",8
"GHC2501","GHC2501_109","TVu-10281",,"MinicoreUCR_107","109",,,"1","UCR_mini_core","UCR_MinicoreUCR_107_2025",9
"GHC2501","GHC2501_110","TVu-13305",,"MinicoreUCR_130","110",,,"1","UCR_mini_core","UCR_MinicoreUCR_130_2025",10
"GHC2501","GHC2501_111","TVu-13485",,"MinicoreUCR_133","111",,,"1","UCR_mini_core","UCR_MinicoreUCR_133_2025",11
"GHC2501","GHC2501_112","TVu-14633",,"MinicoreUCR_157","112",,,"1","UCR_mini_core","UCR_MinicoreUCR_157_2025",12
"GHC2501","GHC2501_113","TVu-14971",,"MinicoreUCR_165","113",,,"1","UCR_mini_core","UCR_MinicoreUCR_165_2025",13
"GHC2501","GHC2501_114","TVu-15391",,"MinicoreUCR_170","114",,,"1","UCR_mini_core","UCR_MinicoreUCR_170_2025",14
"GHC2501","GHC2501_115","TVu-16449",,"MinicoreUCR_203","115",,,"1","UCR_mini_core","UCR_MinicoreUCR_203_2025",15
"GHC2501","GHC2501_116","TVu-1916",,"MinicoreUCR_216","116",,,"1","UCR_mini_core","UCR_MinicoreUCR_216_2025",16
"GHC2501","GHC2501_117","TVu-201",,"MinicoreUCR_217","117",,,"1","UCR_mini_core","UCR_MinicoreUCR_217_2025",17
"GHC2501","GHC2501_118","TVu-3652",,"MinicoreUCR_242","118",,,"1","UCR_mini_core","UCR_MinicoreUCR_242_2025",18
"GHC2501","GHC2501_119","TVu-3830",,"MinicoreUCR_246","119",,,"1","UCR_mini_core","UCR_MinicoreUCR_246_2025",19
"GHC2501","GHC2501_120","TVu-4097",,"MinicoreUCR_252","120",,,"1","UCR_mini_core","UCR_MinicoreUCR_252_2025",20
"GHC2501","GHC2501_121","TVu-4545",,"MinicoreUCR_257","121",,,"1","UCR_mini_core","UCR_MinicoreUCR_257_2025",21
"GHC2501","GHC2501_122","TVu-4632",,"MinicoreUCR_261","122",,,"1","UCR_mini_core","UCR_MinicoreUCR_261_2025",22
"GHC2501","GHC2501_123","TVu-6477",,"MinicoreUCR_272","123",,,"1","UCR_mini_core","UCR_MinicoreUCR_272_2025",23
"GHC2501","GHC2501_124","TVu-6642",,"MinicoreUCR_275","124",,,"1","UCR_mini_core","UCR_MinicoreUCR_275_2025",24
"GHC2501","GHC2501_125","TVu-6643",,"MinicoreUCR_276","125",,,"1","UCR_mini_core","UCR_MinicoreUCR_276_2025",25
"GHC2501","GHC2501_126","TVu-6644",,"MinicoreUCR_277","126",,,"1","UCR_mini_core","UCR_MinicoreUCR_277_2025",26
"GHC2501","GHC2501_127","TVu-7647",,"MinicoreUCR_292","127",,,"1","UCR_mini_core","UCR_MinicoreUCR_292_2025",27
"GHC2501","GHC2501_128","TVu-7798",,"MinicoreUCR_298","128",,,"1","UCR_mini_core","UCR_MinicoreUCR_298_2025",28
"GHC2501","GHC2501_129","TVu-7991",,"MinicoreUCR_300","129",,,"1","UCR_mini_core","UCR_MinicoreUCR_300_2025",29
"GHC2501","GHC2501_130","TVu-8262",,"MinicoreUCR_306","130",,,"1","UCR_mini_core","UCR_MinicoreUCR_306_2025",30
"GHC2501","GHC2501_131","TVu-8641",,"MinicoreUCR_312","131",,,"1","UCR_mini_core","UCR_MinicoreUCR_312_2025",31
"GHC2501","GHC2501_132","TVu-8779",,"MinicoreUCR_319","132",,,"1","UCR_mini_core","UCR_MinicoreUCR_319_2025",32
"GHC2501","GHC2501_133","TVu-8812",,"MinicoreUCR_320","133",,,"1","UCR_mini_core","UCR_MinicoreUCR_320_2025",33
"GHC2501","GHC2501_134","TVu-8834",,"MinicoreUCR_321","134",,,"1","UCR_mini_core","UCR_MinicoreUCR_321_2025",34
"GHC2501","GHC2501_135","TVu-8883",,"MinicoreUCR_323","135",,,"1","UCR_mini_core","UCR_MinicoreUCR_323_2025",35
"GHC2501","GHC2501_136","TVu-889",,"MinicoreUCR_324","136",,,"1","UCR_mini_core","UCR_MinicoreUCR_324_2025",36
"GHC2501","GHC2501_137","TVu-8923",,"MinicoreUCR_325","137",,,"1","UCR_mini_core","UCR_MinicoreUCR_325_2025",37
"GHC2501","GHC2501_138","TVu-8934",,"MinicoreUCR_326","138",,,"1","UCR_mini_core","UCR_MinicoreUCR_326_2025",38
"GHC2501","GHC2501_139","TVu-9031",,"MinicoreUCR_327","139",,,"1","UCR_mini_core","UCR_MinicoreUCR_327_2025",39
"GHC2501","GHC2501_140","1393-1-2-3(-)",,"MinicoreUCR_001","140",,,,"UCR_mini_core","UCR_MinicoreUCR_001_2025",40
"GHC2501","GHC2501_141","524B","524-B","MinicoreUCR_003","141",,,,"UCR_mini_core","UCR_MinicoreUCR_003_2025",41
"GHC2501","GHC2501_142","58-57",,"MinicoreUCR_005","142",,,,"UCR_mini_core","UCR_MinicoreUCR_005_2025",42
"GHC2501","GHC2501_143","Apagbaala",,"MinicoreUCR_006","143",,,,"UCR_mini_core","UCR_MinicoreUCR_006_2025",43
"GHC2501","GHC2501_144","Bambey_21","Bambey 21","MinicoreUCR_007","144",,,,"UCR_mini_core","UCR_MinicoreUCR_007_2025",44
"GHC2501","GHC2501_145","Cameroon_12-58","Cameroon 12-58","MinicoreUCR_010","145",,,,"UCR_mini_core","UCR_MinicoreUCR_010_2025",45
"GHC2501","GHC2501_146","CB27",,"MinicoreUCR_012","146",,,,"UCR_mini_core","UCR_MinicoreUCR_012_2025",46
"GHC2501","GHC2501_147","CB3",,"MinicoreUCR_013","147",,,,"UCR_mini_core","UCR_MinicoreUCR_013_2025",47
"GHC2501","GHC2501_148","CB5-2","CB46 (but wrong)","MinicoreUCR_014","148",,,,"UCR_mini_core","UCR_MinicoreUCR_014_2025",48
"GHC2501","GHC2501_149","China_501","China 501","MinicoreUCR_020","149",,,,"UCR_mini_core","UCR_MinicoreUCR_020_2025",49
"GHC2501","GHC2501_150","CRSP_Niebe","CRSP Niebe","MinicoreUCR_021","150",,,,"UCR_mini_core","UCR_MinicoreUCR_021_2025",50
"GHC2501","GHC2501_151","Danila",,"MinicoreUCR_022","151",,,,"UCR_mini_core","UCR_MinicoreUCR_022_2025",51
"GHC2501","GHC2501_152","Early_Scarlet","Early Scarlet","MinicoreUCR_023","152",,,,"UCR_mini_core","UCR_MinicoreUCR_023_2025",52
"GHC2501","GHC2501_153","Ecute",,"MinicoreUCR_024","153",,,,"UCR_mini_core","UCR_MinicoreUCR_024_2025",53
"GHC2501","GHC2501_154","Faef-14-Inhaca-E",,"MinicoreUCR_025","154",,,,"UCR_mini_core","UCR_MinicoreUCR_025_2025",54
"GHC2501","GHC2501_155","FN-1-13-04",,"MinicoreUCR_026","155",,,,"UCR_mini_core","UCR_MinicoreUCR_026_2025",55
"GHC2501","GHC2501_156","FN-1-14-04",,"MinicoreUCR_027","156",,,,"UCR_mini_core","UCR_MinicoreUCR_027_2025",56
"GHC2501","GHC2501_157","FN-2-13-04",,"MinicoreUCR_029","157",,,,"UCR_mini_core","UCR_MinicoreUCR_029_2025",57
"GHC2501","GHC2501_158","French_Bean","French Bean","MinicoreUCR_030","158",,,,"UCR_mini_core","UCR_MinicoreUCR_030_2025",58
"GHC2501","GHC2501_159","Gorda",,"MinicoreUCR_031","159",,,,"UCR_mini_core","UCR_MinicoreUCR_031_2025",59
"GHC2501","GHC2501_160","IAR7/8-4-5-1",,"MinicoreUCR_032","160",,,,"UCR_mini_core","UCR_MinicoreUCR_032_2025",60
"GHC2501","GHC2501_161","Ife_Brown","Ife Brown","MinicoreUCR_033","161",,,,"UCR_mini_core","UCR_MinicoreUCR_033_2025",61
"GHC2501","GHC2501_162","INIA-120",,"MinicoreUCR_034","162",,,,"UCR_mini_core","UCR_MinicoreUCR_034_2025",62
"GHC2501","GHC2501_163","INIA-31",,"MinicoreUCR_035","163",,,,"UCR_mini_core","UCR_MinicoreUCR_035_2025",63
"GHC2501","GHC2501_164","INIA-34",,"MinicoreUCR_036","164",,,,"UCR_mini_core","UCR_MinicoreUCR_036_2025",64
"GHC2501","GHC2501_165","INIA-40",,"MinicoreUCR_037","165",,,,"UCR_mini_core","UCR_MinicoreUCR_037_2025",65
"GHC2501","GHC2501_166","INIA-41",,"MinicoreUCR_038","166",,,,"UCR_mini_core","UCR_MinicoreUCR_038_2025",66
"GHC2501","GHC2501_167","INIA-5E",,"MinicoreUCR_039","167",,,,"UCR_mini_core","UCR_MinicoreUCR_039_2025",67
"GHC2501","GHC2501_168","INIA-72",,"MinicoreUCR_040","168",,,,"UCR_mini_core","UCR_MinicoreUCR_040_2025",68
"GHC2501","GHC2501_169","IT00K-901-6",,"MinicoreUCR_042","169",,,,"UCR_mini_core","UCR_MinicoreUCR_042_2025",69
"GHC2501","GHC2501_170","IT82E-18",,"MinicoreUCR_043","170",,,,"UCR_mini_core","UCR_MinicoreUCR_043_2025",70
"GHC2501","GHC2501_171","IT83D-442",,"MinicoreUCR_044","171",,,,"UCR_mini_core","UCR_MinicoreUCR_044_2025",71
"GHC2501","GHC2501_172","IT84S-2049",,"MinicoreUCR_045","172",,,,"UCR_mini_core","UCR_MinicoreUCR_045_2025",72
"GHC2501","GHC2501_173","IT84S-2246",,"MinicoreUCR_046","173",,,,"UCR_mini_core","UCR_MinicoreUCR_046_2025",73
"GHC2501","GHC2501_174","IT85F-867-5",,"MinicoreUCR_047","174",,,,"UCR_mini_core","UCR_MinicoreUCR_047_2025",74
"GHC2501","GHC2501_175","IT86D-364",,"MinicoreUCR_048","175",,,,"UCR_mini_core","UCR_MinicoreUCR_048_2025",75
"GHC2501","GHC2501_176","IT89KD-288",,"MinicoreUCR_049","176",,,,"UCR_mini_core","UCR_MinicoreUCR_049_2025",76
"GHC2501","GHC2501_177","IT93K-452-1",,"MinicoreUCR_050","177",,,,"UCR_mini_core","UCR_MinicoreUCR_050_2025",77
"GHC2501","GHC2501_178","IT93K-503-1",,"MinicoreUCR_051","178",,,,"UCR_mini_core","UCR_MinicoreUCR_051_2025",78
"GHC2501","GHC2501_179","IT95K-1093-5",,"MinicoreUCR_052","179",,,,"UCR_mini_core","UCR_MinicoreUCR_052_2025",79
"GHC2501","GHC2501_180","IT95K-1105-5",,"MinicoreUCR_053","180",,,,"UCR_mini_core","UCR_MinicoreUCR_053_2025",80
"GHC2501","GHC2501_181","IT95K-1479",,"MinicoreUCR_054","181",,,,"UCR_mini_core","UCR_MinicoreUCR_054_2025",81
"GHC2501","GHC2501_182","IT95K-1491",,"MinicoreUCR_055","182",,,,"UCR_mini_core","UCR_MinicoreUCR_055_2025",82
"GHC2501","GHC2501_183","IT95M-190",,"MinicoreUCR_056","183",,,,"UCR_mini_core","UCR_MinicoreUCR_056_2025",83
"GHC2501","GHC2501_184","IT96D-610",,"MinicoreUCR_057","184",,,,"UCR_mini_core","UCR_MinicoreUCR_057_2025",84
"GHC2501","GHC2501_185","IT97K-207-15",,"MinicoreUCR_058","185",,,,"UCR_mini_core","UCR_MinicoreUCR_058_2025",85
"GHC2501","GHC2501_186","IT97K-207-21",,"MinicoreUCR_059","186",,,,"UCR_mini_core","UCR_MinicoreUCR_059_2025",86
"GHC2501","GHC2501_187","IT97K-461-4",,"MinicoreUCR_060","187",,,,"UCR_mini_core","UCR_MinicoreUCR_060_2025",87
"GHC2501","GHC2501_188","IT97K-499-35-1-1",,"MinicoreUCR_061","188",,,,"UCR_mini_core","UCR_MinicoreUCR_061_2025",88
"GHC2501","GHC2501_189","IT97K-499-39-1-1",,"MinicoreUCR_062","189",,,,"UCR_mini_core","UCR_MinicoreUCR_062_2025",89
"GHC2501","GHC2501_190","IT97K-556-6",,"MinicoreUCR_063","190",,,,"UCR_mini_core","UCR_MinicoreUCR_063_2025",90
"GHC2501","GHC2501_191","IT97K-569-9",,"MinicoreUCR_064","191",,,,"UCR_mini_core","UCR_MinicoreUCR_064_2025",91
"GHC2501","GHC2501_192","IT98D-1399",,"MinicoreUCR_066","192",,,,"UCR_mini_core","UCR_MinicoreUCR_066_2025",92
"GHC2501","GHC2501_193","IT98K-1111-1",,"MinicoreUCR_067","193",,,,"UCR_mini_core","UCR_MinicoreUCR_067_2025",93
"GHC2501","GHC2501_194","IT98K-128-4",,"MinicoreUCR_069","194",,,,"UCR_mini_core","UCR_MinicoreUCR_069_2025",94
"GHC2501","GHC2501_195","IT98K-205-8",,"MinicoreUCR_070","195",,,,"UCR_mini_core","UCR_MinicoreUCR_070_2025",95
"GHC2501","GHC2501_196","IT98K-428-2",,"MinicoreUCR_071","196",,,,"UCR_mini_core","UCR_MinicoreUCR_071_2025",96
"GHC2501","GHC2501_197","IT98K-498-1",,"MinicoreUCR_072","197",,,,"UCR_mini_core","UCR_MinicoreUCR_072_2025",97
"GHC2501","GHC2501_198","IT98K-555-1",,"MinicoreUCR_073","198",,,,"UCR_mini_core","UCR_MinicoreUCR_073_2025",98
"GHC2501","GHC2501_199","IT99K-124-5",,"MinicoreUCR_075","199",,,,"UCR_mini_core","UCR_MinicoreUCR_075_2025",99
"GHC2501","GHC2501_200","KVx-396-4-5-20","KVx 396-4-5-20","MinicoreUCR_076","200",,,,"UCR_mini_core","UCR_MinicoreUCR_076_2025",100
"GHC2501","GHC2501_201","KVx-403-P-20-T","KVx 403-P-20-T","MinicoreUCR_077","201",,,,"UCR_mini_core","UCR_MinicoreUCR_077_2025",101
"GHC2501","GHC2501_202","KVx-421-25","KVx 421-25","MinicoreUCR_078","202",,,,"UCR_mini_core","UCR_MinicoreUCR_078_2025",102
"GHC2501","GHC2501_203","KVx-442-3","KVx 442-3","MinicoreUCR_079","203",,,,"UCR_mini_core","UCR_MinicoreUCR_079_2025",103
"GHC2501","GHC2501_204","KVx-525","KVx 525","MinicoreUCR_080","204",,,,"UCR_mini_core","UCR_MinicoreUCR_080_2025",104
"GHC2501","GHC2501_205","KVx-61-1-1","KVx61-1-1","MinicoreUCR_081","205",,,,"UCR_mini_core","UCR_MinicoreUCR_081_2025",105
"GHC2501","GHC2501_206","Lori_Niebe","Lori Niebe","MinicoreUCR_082","206",,,,"UCR_mini_core","UCR_MinicoreUCR_082_2025",106
"GHC2501","GHC2501_207","Lyg_321-2","Lyg 321-2","MinicoreUCR_083","207",,,,"UCR_mini_core","UCR_MinicoreUCR_083_2025",107
"GHC2501","GHC2501_208","Massava-11",,"MinicoreUCR_084","208",,,,"UCR_mini_core","UCR_MinicoreUCR_084_2025",108
"GHC2501","GHC2501_209","Melakh",,"MinicoreUCR_085","209",,,,"UCR_mini_core","UCR_MinicoreUCR_085_2025",109
"GHC2501","GHC2501_210","Mougne",,"MinicoreUCR_087","210",,,,"UCR_mini_core","UCR_MinicoreUCR_087_2025",110
"GHC2501","GHC2501_211","Mouride",,"MinicoreUCR_088","211",,,,"UCR_mini_core","UCR_MinicoreUCR_088_2025",111
"GHC2501","GHC2501_212","Moussa_Local","Moussa Local","MinicoreUCR_089","212",,,,"UCR_mini_core","UCR_MinicoreUCR_089_2025",112
"GHC2501","GHC2501_213","Muinana-Lawe",,"MinicoreUCR_090","213",,,,"UCR_mini_core","UCR_MinicoreUCR_090_2025",113
"GHC2501","GHC2501_214","NamuesseD",,"MinicoreUCR_091","214",,,,"UCR_mini_core","UCR_MinicoreUCR_091_2025",114
"GHC2501","GHC2501_215","N'diambour",,"MinicoreUCR_092","215",,,,"UCR_mini_core","UCR_MinicoreUCR_092_2025",115
"GHC2501","GHC2501_216","Nhacoongo-1",,"MinicoreUCR_093","216",,,,"UCR_mini_core","UCR_MinicoreUCR_093_2025",116
"GHC2501","GHC2501_217","Pakau3","Pakau","MinicoreUCR_095","217",,,,"UCR_mini_core","UCR_MinicoreUCR_095_2025",117
"GHC2501","GHC2501_218","Prima",,"MinicoreUCR_096","218",,,,"UCR_mini_core","UCR_MinicoreUCR_096_2025",118
"GHC2501","GHC2501_219","Sanzi",,"MinicoreUCR_097","219",,,,"UCR_mini_core","UCR_MinicoreUCR_097_2025",119
"GHC2501","GHC2501_220","SASAQUE",,"MinicoreUCR_098","220",,,,"UCR_mini_core","UCR_MinicoreUCR_098_2025",120
"GHC2501","GHC2501_221","Suvita-2",,"MinicoreUCR_099","221",,,,"UCR_mini_core","UCR_MinicoreUCR_099_2025",121
"GHC2501","GHC2501_222","TVu-1000",,"MinicoreUCR_102","222",,,,"UCR_mini_core","UCR_MinicoreUCR_102_2025",122
"GHC2501","GHC2501_223","TVu-1004",,"MinicoreUCR_103","223",,,,"UCR_mini_core","UCR_MinicoreUCR_103_2025",123
"GHC2501","GHC2501_224","TVu-10100",,"MinicoreUCR_104","224",,,,"UCR_mini_core","UCR_MinicoreUCR_104_2025",124
"GHC2501","GHC2501_225","TVu-1016",,"MinicoreUCR_105","225",,,,"UCR_mini_core","UCR_MinicoreUCR_105_2025",125
"GHC2501","GHC2501_226","TVu-10179",,"MinicoreUCR_106","226",,,,"UCR_mini_core","UCR_MinicoreUCR_106_2025",126
"GHC2501","GHC2501_227","TVu-1036",,"MinicoreUCR_108","227",,,,"UCR_mini_core","UCR_MinicoreUCR_108_2025",127
"GHC2501","GHC2501_228","TVu-10366",,"MinicoreUCR_109","228",,,,"UCR_mini_core","UCR_MinicoreUCR_109_2025",128
"GHC2501","GHC2501_229","TVu-1037",,"MinicoreUCR_110","229",,,,"UCR_mini_core","UCR_MinicoreUCR_110_2025",129
"GHC2501","GHC2501_230","TVu-10466",,"MinicoreUCR_111","230",,,,"UCR_mini_core","UCR_MinicoreUCR_111_2025",130
"GHC2501","GHC2501_231","TVu-10513",,"MinicoreUCR_112","231",,,,"UCR_mini_core","UCR_MinicoreUCR_112_2025",131
"GHC2501","GHC2501_232","TVu-1059",,"MinicoreUCR_113","232",,,,"UCR_mini_core","UCR_MinicoreUCR_113_2025",132
"GHC2501","GHC2501_233","TVu-10892",,"MinicoreUCR_114","233",,,,"UCR_mini_core","UCR_MinicoreUCR_114_2025",133
"GHC2501","GHC2501_234","TVu-1124",,"MinicoreUCR_115","234",,,,"UCR_mini_core","UCR_MinicoreUCR_115_2025",134
"GHC2501","GHC2501_235","TVu-113",,"MinicoreUCR_116","235",,,,"UCR_mini_core","UCR_MinicoreUCR_116_2025",135
"GHC2501","GHC2501_236","TVu-12565",,"MinicoreUCR_117","236",,,,"UCR_mini_core","UCR_MinicoreUCR_117_2025",136
"GHC2501","GHC2501_237","TVu-12710",,"MinicoreUCR_118","237",,,,"UCR_mini_core","UCR_MinicoreUCR_118_2025",137
"GHC2501","GHC2501_238","TVu-12746",,"MinicoreUCR_119","238",,,,"UCR_mini_core","UCR_MinicoreUCR_119_2025",138
"GHC2501","GHC2501_239","TVu-1280",,"MinicoreUCR_120","239",,,,"UCR_mini_core","UCR_MinicoreUCR_120_2025",139
"GHC2501","GHC2501_240","TVu-12804",,"MinicoreUCR_121","240",,,,"UCR_mini_core","UCR_MinicoreUCR_121_2025",140
"GHC2501","GHC2501_241","TVu-12873",,"MinicoreUCR_122","241",,,,"UCR_mini_core","UCR_MinicoreUCR_122_2025",141
"GHC2501","GHC2501_242","TVu-12897",,"MinicoreUCR_123","242",,,,"UCR_mini_core","UCR_MinicoreUCR_123_2025",142
"GHC2501","GHC2501_243","TVu-12923",,"MinicoreUCR_124","243",,,,"UCR_mini_core","UCR_MinicoreUCR_124_2025",143
"GHC2501","GHC2501_244","TVu-12937",,"MinicoreUCR_125","244",,,,"UCR_mini_core","UCR_MinicoreUCR_125_2025",144
"GHC2501","GHC2501_245","TVu-12968",,"MinicoreUCR_126","245",,,,"UCR_mini_core","UCR_MinicoreUCR_126_2025",145
"GHC2501","GHC2501_246","TVu-13017",,"MinicoreUCR_127","246",,,,"UCR_mini_core","UCR_MinicoreUCR_127_2025",146
"GHC2501","GHC2501_247","TVu-132",,"MinicoreUCR_128","247",,,,"UCR_mini_core","UCR_MinicoreUCR_128_2025",147
"GHC2501","GHC2501_248","TVu-1330",,"MinicoreUCR_129","248",,,,"UCR_mini_core","UCR_MinicoreUCR_129_2025",148
"GHC2501","GHC2501_249","TVu-13388",,"MinicoreUCR_131","249",,,,"UCR_mini_core","UCR_MinicoreUCR_131_2025",149
"GHC2501","GHC2501_250","TVu-13463",,"MinicoreUCR_132","250",,,,"UCR_mini_core","UCR_MinicoreUCR_132_2025",150
"GHC2501","GHC2501_251","TVu-13778",,"MinicoreUCR_134","251",,,,"UCR_mini_core","UCR_MinicoreUCR_134_2025",151
"GHC2501","GHC2501_252","TVu-13939",,"MinicoreUCR_135","252",,,,"UCR_mini_core","UCR_MinicoreUCR_135_2025",152
"GHC2501","GHC2501_253","TVu-13950",,"MinicoreUCR_136","253",,,,"UCR_mini_core","UCR_MinicoreUCR_136_2025",153
"GHC2501","GHC2501_254","TVu-13958",,"MinicoreUCR_137","254",,,,"UCR_mini_core","UCR_MinicoreUCR_137_2025",154
"GHC2501","GHC2501_255","TVu-13965",,"MinicoreUCR_138","255",,,,"UCR_mini_core","UCR_MinicoreUCR_138_2025",155
"GHC2501","GHC2501_256","TVu-13968",,"MinicoreUCR_139","256",,,,"UCR_mini_core","UCR_MinicoreUCR_139_2025",156
"GHC2501","GHC2501_257","TVu-13979",,"MinicoreUCR_140","257",,,,"UCR_mini_core","UCR_MinicoreUCR_140_2025",157
"GHC2501","GHC2501_258","TVu-14172",,"MinicoreUCR_141","258",,,,"UCR_mini_core","UCR_MinicoreUCR_141_2025",158
"GHC2501","GHC2501_259","TVu-14190",,"MinicoreUCR_142","259",,,,"UCR_mini_core","UCR_MinicoreUCR_142_2025",159
"GHC2501","GHC2501_260","TVu-14195",,"MinicoreUCR_143","260",,,,"UCR_mini_core","UCR_MinicoreUCR_143_2025",160
"GHC2501","GHC2501_261","TVu-14224",,"MinicoreUCR_144","261",,,,"UCR_mini_core","UCR_MinicoreUCR_144_2025",161
"GHC2501","GHC2501_262","TVu-14248",,"MinicoreUCR_145","262",,,,"UCR_mini_core","UCR_MinicoreUCR_145_2025",162
"GHC2501","GHC2501_263","TVu-14253",,"MinicoreUCR_146","263",,,,"UCR_mini_core","UCR_MinicoreUCR_146_2025",163
"GHC2501","GHC2501_264","TVu-14272",,"MinicoreUCR_147","264",,,,"UCR_mini_core","UCR_MinicoreUCR_147_2025",164
"GHC2501","GHC2501_265","TVu-14321",,"MinicoreUCR_148","265",,,,"UCR_mini_core","UCR_MinicoreUCR_148_2025",165
"GHC2501","GHC2501_266","TVu-14336",,"MinicoreUCR_149","266",,,,"UCR_mini_core","UCR_MinicoreUCR_149_2025",166
"GHC2501","GHC2501_267","TVu-14345",,"MinicoreUCR_150","267",,,,"UCR_mini_core","UCR_MinicoreUCR_150_2025",167
"GHC2501","GHC2501_268","TVu-14346",,"MinicoreUCR_151","268",,,,"UCR_mini_core","UCR_MinicoreUCR_151_2025",168
"GHC2501","GHC2501_269","TVu-14393",,"MinicoreUCR_152","269",,,,"UCR_mini_core","UCR_MinicoreUCR_152_2025",169
"GHC2501","GHC2501_270","TVu-14401",,"MinicoreUCR_153","270",,,,"UCR_mini_core","UCR_MinicoreUCR_153_2025",170
"GHC2501","GHC2501_271","Tvu-14533",,"MinicoreUCR_154","271",,,,"UCR_mini_core","UCR_MinicoreUCR_154_2025",171
"GHC2501","GHC2501_272","TVu-14621",,"MinicoreUCR_155","272",,,,"UCR_mini_core","UCR_MinicoreUCR_155_2025",172
"GHC2501","GHC2501_273","TVu-14632",,"MinicoreUCR_156","273",,,,"UCR_mini_core","UCR_MinicoreUCR_156_2025",173
"GHC2501","GHC2501_274","TVu-14691",,"MinicoreUCR_158","274",,,,"UCR_mini_core","UCR_MinicoreUCR_158_2025",174
"GHC2501","GHC2501_275","TVu-14759",,"MinicoreUCR_159","275",,,,"UCR_mini_core","UCR_MinicoreUCR_159_2025",175
"GHC2501","GHC2501_276","TVu-1477",,"MinicoreUCR_160","276",,,,"UCR_mini_core","UCR_MinicoreUCR_160_2025",176
"GHC2501","GHC2501_277","TVu-14862",,"MinicoreUCR_161","277",,,,"UCR_mini_core","UCR_MinicoreUCR_161_2025",177
"GHC2501","GHC2501_278","TVu-14875",,"MinicoreUCR_162","278",,,,"UCR_mini_core","UCR_MinicoreUCR_162_2025",178
"GHC2501","GHC2501_279","TVu-14949",,"MinicoreUCR_163","279",,,,"UCR_mini_core","UCR_MinicoreUCR_163_2025",179
"GHC2501","GHC2501_280","TVu-14970",,"MinicoreUCR_164","280",,,,"UCR_mini_core","UCR_MinicoreUCR_164_2025",180
"GHC2501","GHC2501_281","TVu-15114",,"MinicoreUCR_166","281",,,,"UCR_mini_core","UCR_MinicoreUCR_166_2025",181
"GHC2501","GHC2501_282","TVu-15143",,"MinicoreUCR_167","282",,,,"UCR_mini_core","UCR_MinicoreUCR_167_2025",182
"GHC2501","GHC2501_283","TVu-15315",,"MinicoreUCR_168","283",,,,"UCR_mini_core","UCR_MinicoreUCR_168_2025",183
"GHC2501","GHC2501_284","TVu-1536",,"MinicoreUCR_169","284",,,,"UCR_mini_core","UCR_MinicoreUCR_169_2025",184
"GHC2501","GHC2501_285","TVu-15400",,"MinicoreUCR_171","285",,,,"UCR_mini_core","UCR_MinicoreUCR_171_2025",185
"GHC2501","GHC2501_286","TVu-15411",,"MinicoreUCR_172","286",,,,"UCR_mini_core","UCR_MinicoreUCR_172_2025",186
"GHC2501","GHC2501_287","TVu-15426",,"MinicoreUCR_173","287",,,,"UCR_mini_core","UCR_MinicoreUCR_173_2025",187
"GHC2501","GHC2501_288","TVu-15445",,"MinicoreUCR_174","288",,,,"UCR_mini_core","UCR_MinicoreUCR_174_2025",188
"GHC2501","GHC2501_289","TVu-1556",,"MinicoreUCR_176","289",,,,"UCR_mini_core","UCR_MinicoreUCR_176_2025",189
"GHC2501","GHC2501_290","TVu-15591",,"MinicoreUCR_177","290",,,,"UCR_mini_core","UCR_MinicoreUCR_177_2025",190
"GHC2501","GHC2501_291","TVu-15610",,"MinicoreUCR_178","291",,,,"UCR_mini_core","UCR_MinicoreUCR_178_2025",191
"GHC2501","GHC2501_292","TVu-15636",,"MinicoreUCR_179","292",,,,"UCR_mini_core","UCR_MinicoreUCR_179_2025",192
"GHC2501","GHC2501_293","TVu-15639",,"MinicoreUCR_180","293",,,,"UCR_mini_core","UCR_MinicoreUCR_180_2025",193
"GHC2501","GHC2501_294","TVu-15653",,"MinicoreUCR_181","294",,,,"UCR_mini_core","UCR_MinicoreUCR_181_2025",194
"GHC2501","GHC2501_295","TVu-15661",,"MinicoreUCR_182","295",,,,"UCR_mini_core","UCR_MinicoreUCR_182_2025",195
"GHC2501","GHC2501_296","TVu-15687",,"MinicoreUCR_183","296",,,,"UCR_mini_core","UCR_MinicoreUCR_183_2025",196
"GHC2501","GHC2501_297","TVu-1583",,"MinicoreUCR_185","297",,,,"UCR_mini_core","UCR_MinicoreUCR_185_2025",197
"GHC2501","GHC2501_298","TVu-15861",,"MinicoreUCR_187","298",,,,"UCR_mini_core","UCR_MinicoreUCR_187_2025",198
"GHC2501","GHC2501_299","TVu-15878",,"MinicoreUCR_188","299",,,,"UCR_mini_core","UCR_MinicoreUCR_188_2025",199
"GHC2501","GHC2501_300","TVu-15973",,"MinicoreUCR_190","300",,,,"UCR_mini_core","UCR_MinicoreUCR_190_2025",200
"GHC2501","GHC2501_301","TVu-15995",,"MinicoreUCR_191","301",,,,"UCR_mini_core","UCR_MinicoreUCR_191_2025",201
"GHC2501","GHC2501_302","TVu-1609",,"MinicoreUCR_192","302",,,,"UCR_mini_core","UCR_MinicoreUCR_192_2025",202
"GHC2501","GHC2501_303","TVu-16220",,"MinicoreUCR_193","303",,,,"UCR_mini_core","UCR_MinicoreUCR_193_2025",203
"GHC2501","GHC2501_304","TVu-16237",,"MinicoreUCR_194","304",,,,"UCR_mini_core","UCR_MinicoreUCR_194_2025",204
"GHC2501","GHC2501_305","TVu-16269",,"MinicoreUCR_196","305",,,,"UCR_mini_core","UCR_MinicoreUCR_196_2025",205
"GHC2501","GHC2501_306","TVu-16278",,"MinicoreUCR_197","306",,,,"UCR_mini_core","UCR_MinicoreUCR_197_2025",206
"GHC2501","GHC2501_307","TVu-16304",,"MinicoreUCR_198","307",,,,"UCR_mini_core","UCR_MinicoreUCR_198_2025",207
"GHC2501","GHC2501_308","TVu-16368",,"MinicoreUCR_199","308",,,,"UCR_mini_core","UCR_MinicoreUCR_199_2025",208
"GHC2501","GHC2501_309","TVu-1637",,"MinicoreUCR_200","309",,,,"UCR_mini_core","UCR_MinicoreUCR_200_2025",209
"GHC2501","GHC2501_310","TVu-16403",,"MinicoreUCR_201","310",,,,"UCR_mini_core","UCR_MinicoreUCR_201_2025",210
"GHC2501","GHC2501_311","TVu-16408",,"MinicoreUCR_202","311",,,,"UCR_mini_core","UCR_MinicoreUCR_202_2025",211
"GHC2501","GHC2501_312","TVu-16465",,"MinicoreUCR_204","312",,,,"UCR_mini_core","UCR_MinicoreUCR_204_2025",212
"GHC2501","GHC2501_313","TVu-16504",,"MinicoreUCR_205","313",,,,"UCR_mini_core","UCR_MinicoreUCR_205_2025",213
"GHC2501","GHC2501_314","TVu-16505",,"MinicoreUCR_206","314",,,,"UCR_mini_core","UCR_MinicoreUCR_206_2025",214
"GHC2501","GHC2501_315","TVu-16521",,"MinicoreUCR_207","315",,,,"UCR_mini_core","UCR_MinicoreUCR_207_2025",215
"GHC2501","GHC2501_316","TVu-1715",,"MinicoreUCR_210","316",,,,"UCR_mini_core","UCR_MinicoreUCR_210_2025",216
"GHC2501","GHC2501_317","TVu-1727",,"MinicoreUCR_211","317",,,,"UCR_mini_core","UCR_MinicoreUCR_211_2025",217
"GHC2501","GHC2501_318","TVu-1775",,"MinicoreUCR_212","318",,,,"UCR_mini_core","UCR_MinicoreUCR_212_2025",218
"GHC2501","GHC2501_319","TVu-1780",,"MinicoreUCR_213","319",,,,"UCR_mini_core","UCR_MinicoreUCR_213_2025",219
"GHC2501","GHC2501_320","TVu-1811",,"MinicoreUCR_214","320",,,,"UCR_mini_core","UCR_MinicoreUCR_214_2025",220
"GHC2501","GHC2501_321","TVu-1886",,"MinicoreUCR_215","321",,,,"UCR_mini_core","UCR_MinicoreUCR_215_2025",221
"GHC2501","GHC2501_322","TVu-21",,"MinicoreUCR_218","322",,,,"UCR_mini_core","UCR_MinicoreUCR_218_2025",222
"GHC2501","GHC2501_323","TVu-2168",,"MinicoreUCR_219","323",,,,"UCR_mini_core","UCR_MinicoreUCR_219_2025",223
"GHC2501","GHC2501_324","TVu-2280",,"MinicoreUCR_220","324",,,,"UCR_mini_core","UCR_MinicoreUCR_220_2025",224
"GHC2501","GHC2501_325","TVu-2322",,"MinicoreUCR_221","325",,,,"UCR_mini_core","UCR_MinicoreUCR_221_2025",225
"GHC2501","GHC2501_326","TVu-2398",,"MinicoreUCR_222","326",,,,"UCR_mini_core","UCR_MinicoreUCR_222_2025",226
"GHC2501","GHC2501_327","TVu-2418",,"MinicoreUCR_223","327",,,,"UCR_mini_core","UCR_MinicoreUCR_223_2025",227
"GHC2501","GHC2501_328","TVu-2449",,"MinicoreUCR_224","328",,,,"UCR_mini_core","UCR_MinicoreUCR_224_2025",228
"GHC2501","GHC2501_329","TVu-2548",,"MinicoreUCR_225","329",,,,"UCR_mini_core","UCR_MinicoreUCR_225_2025",229
"GHC2501","GHC2501_330","TVu-264",,"MinicoreUCR_226","330",,,,"UCR_mini_core","UCR_MinicoreUCR_226_2025",230
"GHC2501","GHC2501_331","TVu-2680",,"MinicoreUCR_227","331",,,,"UCR_mini_core","UCR_MinicoreUCR_227_2025",231
"GHC2501","GHC2501_332","TVu-2723",,"MinicoreUCR_228","332",,,,"UCR_mini_core","UCR_MinicoreUCR_228_2025",232
"GHC2501","GHC2501_333","TVu-2736",,"MinicoreUCR_229","333",,,,"UCR_mini_core","UCR_MinicoreUCR_229_2025",233
"GHC2501","GHC2501_334","TVu-2845",,"MinicoreUCR_231","334",,,,"UCR_mini_core","UCR_MinicoreUCR_231_2025",234
"GHC2501","GHC2501_335","TVu-2933",,"MinicoreUCR_232","335",,,,"UCR_mini_core","UCR_MinicoreUCR_232_2025",235
"GHC2501","GHC2501_336","TVu-2968",,"MinicoreUCR_233","336",,,,"UCR_mini_core","UCR_MinicoreUCR_233_2025",236
"GHC2501","GHC2501_337","TVu-2971",,"MinicoreUCR_234","337",,,,"UCR_mini_core","UCR_MinicoreUCR_234_2025",237
"GHC2501","GHC2501_338","TVu-3043",,"MinicoreUCR_235","338",,,,"UCR_mini_core","UCR_MinicoreUCR_235_2025",238
"GHC2501","GHC2501_339","TVu-3076",,"MinicoreUCR_236","339",,,,"UCR_mini_core","UCR_MinicoreUCR_236_2025",239
"GHC2501","GHC2501_340","TVu-3156",,"MinicoreUCR_237","340",,,,"UCR_mini_core","UCR_MinicoreUCR_237_2025",240
"GHC2501","GHC2501_341","TVu-3282",,"MinicoreUCR_238","341",,,,"UCR_mini_core","UCR_MinicoreUCR_238_2025",241
"GHC2501","GHC2501_342","TVu-3360",,"MinicoreUCR_239","342",,,,"UCR_mini_core","UCR_MinicoreUCR_239_2025",242
"GHC2501","GHC2501_343","TVu-3552",,"MinicoreUCR_240","343",,,,"UCR_mini_core","UCR_MinicoreUCR_240_2025",243
"GHC2501","GHC2501_344","TVu-3565",,"MinicoreUCR_241","344",,,,"UCR_mini_core","UCR_MinicoreUCR_241_2025",244
"GHC2501","GHC2501_345","TVu-3657",,"MinicoreUCR_243","345",,,,"UCR_mini_core","UCR_MinicoreUCR_243_2025",245
"GHC2501","GHC2501_346","TVu-3804",,"MinicoreUCR_244","346",,,,"UCR_mini_core","UCR_MinicoreUCR_244_2025",246
"GHC2501","GHC2501_347","TVu-3817",,"MinicoreUCR_245","347",,,,"UCR_mini_core","UCR_MinicoreUCR_245_2025",247
"GHC2501","GHC2501_348","TVu-3842",,"MinicoreUCR_247","348",,,,"UCR_mini_core","UCR_MinicoreUCR_247_2025",248
"GHC2501","GHC2501_349","TVu-393",,"MinicoreUCR_248","349",,,,"UCR_mini_core","UCR_MinicoreUCR_248_2025",249
"GHC2501","GHC2501_350","TVu-3947",,"MinicoreUCR_249","350",,,,"UCR_mini_core","UCR_MinicoreUCR_249_2025",250
"GHC2501","GHC2501_351","TVu-3965",,"MinicoreUCR_250","351",,,,"UCR_mini_core","UCR_MinicoreUCR_250_2025",251
"GHC2501","GHC2501_352","TVu-415",,"MinicoreUCR_253","352",,,,"UCR_mini_core","UCR_MinicoreUCR_253_2025",252
"GHC2501","GHC2501_353","TVu-43",,"MinicoreUCR_254","353",,,,"UCR_mini_core","UCR_MinicoreUCR_254_2025",253
"GHC2501","GHC2501_354","TVu-4316",,"MinicoreUCR_255","354",,,,"UCR_mini_core","UCR_MinicoreUCR_255_2025",254
"GHC2501","GHC2501_355","TVu-4535",,"MinicoreUCR_256","355",,,,"UCR_mini_core","UCR_MinicoreUCR_256_2025",255
"GHC2501","GHC2501_356","TVu-4557",,"MinicoreUCR_258","356",,,,"UCR_mini_core","UCR_MinicoreUCR_258_2025",256
"GHC2501","GHC2501_357","TVu-456",,"MinicoreUCR_259","357",,,,"UCR_mini_core","UCR_MinicoreUCR_259_2025",257
"GHC2501","GHC2501_358","TVu-4622",,"MinicoreUCR_260","358",,,,"UCR_mini_core","UCR_MinicoreUCR_260_2025",258
"GHC2501","GHC2501_359","TVu-4669",,"MinicoreUCR_262","359",,,,"UCR_mini_core","UCR_MinicoreUCR_262_2025",259
"GHC2501","GHC2501_360","TVu-467",,"MinicoreUCR_263","360",,,,"UCR_mini_core","UCR_MinicoreUCR_263_2025",260
"GHC2501","GHC2501_361","TVu-4711",,"MinicoreUCR_264","361",,,,"UCR_mini_core","UCR_MinicoreUCR_264_2025",261
"GHC2501","GHC2501_362","TVu-4984",,"MinicoreUCR_265","362",,,,"UCR_mini_core","UCR_MinicoreUCR_265_2025",262
"GHC2501","GHC2501_363","TVu-53",,"MinicoreUCR_266","363",,,,"UCR_mini_core","UCR_MinicoreUCR_266_2025",263
"GHC2501","GHC2501_364","TVu-5444",,"MinicoreUCR_267","364",,,,"UCR_mini_core","UCR_MinicoreUCR_267_2025",264
"GHC2501","GHC2501_365","TVu-6356",,"MinicoreUCR_268","365",,,,"UCR_mini_core","UCR_MinicoreUCR_268_2025",265
"GHC2501","GHC2501_366","TVu-6365",,"MinicoreUCR_269","366",,,,"UCR_mini_core","UCR_MinicoreUCR_269_2025",266
"GHC2501","GHC2501_367","TVu-6439",,"MinicoreUCR_270","367",,,,"UCR_mini_core","UCR_MinicoreUCR_270_2025",267
"GHC2501","GHC2501_368","TVu-6464",,"MinicoreUCR_271","368",,,,"UCR_mini_core","UCR_MinicoreUCR_271_2025",268
"GHC2501","GHC2501_369","TVu-6493",,"MinicoreUCR_273","369",,,,"UCR_mini_core","UCR_MinicoreUCR_273_2025",269
"GHC2501","GHC2501_370","TVu-6641",,"MinicoreUCR_274","370",,,,"UCR_mini_core","UCR_MinicoreUCR_274_2025",270
"GHC2501","GHC2501_371","TVu-6663",,"MinicoreUCR_278","371",,,,"UCR_mini_core","UCR_MinicoreUCR_278_2025",271
"GHC2501","GHC2501_372","TVu-6968",,"MinicoreUCR_282","372",,,,"UCR_mini_core","UCR_MinicoreUCR_282_2025",272
"GHC2501","GHC2501_373","TVu-7362",,"MinicoreUCR_287","373",,,,"UCR_mini_core","UCR_MinicoreUCR_287_2025",273
"GHC2501","GHC2501_374","TVu-7559",,"MinicoreUCR_289","374",,,,"UCR_mini_core","UCR_MinicoreUCR_289_2025",274
"GHC2501","GHC2501_375","TVu-7625",,"MinicoreUCR_290","375",,,,"UCR_mini_core","UCR_MinicoreUCR_290_2025",275
"GHC2501","GHC2501_376","TVu-7642",,"MinicoreUCR_291","376",,,,"UCR_mini_core","UCR_MinicoreUCR_291_2025",276
"GHC2501","GHC2501_377","TVu-7684",,"MinicoreUCR_293","377",,,,"UCR_mini_core","UCR_MinicoreUCR_293_2025",277
"GHC2501","GHC2501_378","TVu-7719",,"MinicoreUCR_294","378",,,,"UCR_mini_core","UCR_MinicoreUCR_294_2025",278
"GHC2501","GHC2501_379","TVu-7739",,"MinicoreUCR_295","379",,,,"UCR_mini_core","UCR_MinicoreUCR_295_2025",279
"GHC2501","GHC2501_380","TVu-7755",,"MinicoreUCR_296","380",,,,"UCR_mini_core","UCR_MinicoreUCR_296_2025",280
"GHC2501","GHC2501_381","TVu-7778",,"MinicoreUCR_297","381",,,,"UCR_mini_core","UCR_MinicoreUCR_297_2025",281
"GHC2501","GHC2501_382","TVu-7971",,"MinicoreUCR_299","382",,,,"UCR_mini_core","UCR_MinicoreUCR_299_2025",282
"GHC2501","GHC2501_383","TVu-8",,"MinicoreUCR_301","383",,,,"UCR_mini_core","UCR_MinicoreUCR_301_2025",283
"GHC2501","GHC2501_384","TVu-8059",,"MinicoreUCR_302","384",,,,"UCR_mini_core","UCR_MinicoreUCR_302_2025",284
"GHC2501","GHC2501_385","TVu-8072",,"MinicoreUCR_303","385",,,,"UCR_mini_core","UCR_MinicoreUCR_303_2025",285
"GHC2501","GHC2501_386","TVu-8082",,"MinicoreUCR_304","386",,,,"UCR_mini_core","UCR_MinicoreUCR_304_2025",286
"GHC2501","GHC2501_387","Tvu-8389",,"MinicoreUCR_307","387",,,,"UCR_mini_core","UCR_MinicoreUCR_307_2025",287
"GHC2501","GHC2501_388","TVu-84",,"MinicoreUCR_308","388",,,,"UCR_mini_core","UCR_MinicoreUCR_308_2025",288
"GHC2501","GHC2501_389","TVu-8612",,"MinicoreUCR_309","389",,,,"UCR_mini_core","UCR_MinicoreUCR_309_2025",289
"GHC2501","GHC2501_390","TVu-8622",,"MinicoreUCR_310","390",,,,"UCR_mini_core","UCR_MinicoreUCR_310_2025",290
"GHC2501","GHC2501_391","TVu-8631",,"MinicoreUCR_311","391",,,,"UCR_mini_core","UCR_MinicoreUCR_311_2025",291
"GHC2501","GHC2501_392","TVu-8656",,"MinicoreUCR_313","392",,,,"UCR_mini_core","UCR_MinicoreUCR_313_2025",292
"GHC2501","GHC2501_393","TVu-8671",,"MinicoreUCR_314","393",,,,"UCR_mini_core","UCR_MinicoreUCR_314_2025",293
"GHC2501","GHC2501_394","TVu-8673",,"MinicoreUCR_315","394",,,,"UCR_mini_core","UCR_MinicoreUCR_315_2025",294
"GHC2501","GHC2501_395","TVu-8702",,"MinicoreUCR_316","395",,,,"UCR_mini_core","UCR_MinicoreUCR_316_2025",295
"GHC2501","GHC2501_396","TVu-8713",,"MinicoreUCR_317","396",,,,"UCR_mini_core","UCR_MinicoreUCR_317_2025",296
"GHC2501","GHC2501_397","TVu-8775",,"MinicoreUCR_318","397",,,,"UCR_mini_core","UCR_MinicoreUCR_318_2025",297
"GHC2501","GHC2501_398","TVu-8877",,"MinicoreUCR_322","398",,,,"UCR_mini_core","UCR_MinicoreUCR_322_2025",298
"GHC2501","GHC2501_399","TVu-9073",,"MinicoreUCR_328","399",,,,"UCR_mini_core","UCR_MinicoreUCR_328_2025",299
"GHC2501","GHC2501_400","TVu-9095",,"MinicoreUCR_329","400",,,,"UCR_mini_core","UCR_MinicoreUCR_329_2025",300
"GHC2501","GHC2501_401","TVu-9256",,"MinicoreUCR_330","401",,,,"UCR_mini_core","UCR_MinicoreUCR_330_2025",301
"GHC2501","GHC2501_402","TVu-9257",,"MinicoreUCR_331","402",,,,"UCR_mini_core","UCR_MinicoreUCR_331_2025",302
"GHC2501","GHC2501_403","TVu-9259",,"MinicoreUCR_332","403",,,,"UCR_mini_core","UCR_MinicoreUCR_332_2025",303
"GHC2501","GHC2501_404","TVu-9265",,"MinicoreUCR_333","404",,,,"UCR_mini_core","UCR_MinicoreUCR_333_2025",304
"GHC2501","GHC2501_405","TVu-9393",,"MinicoreUCR_334","405",,,,"UCR_mini_core","UCR_MinicoreUCR_334_2025",305
"GHC2501","GHC2501_406","TVu-946",,"MinicoreUCR_335","406",,,,"UCR_mini_core","UCR_MinicoreUCR_335_2025",306
"GHC2501","GHC2501_407","TVu-9469",,"MinicoreUCR_337","407",,,,"UCR_mini_core","UCR_MinicoreUCR_337_2025",307
"GHC2501","GHC2501_408","TVu-9474",,"MinicoreUCR_338","408",,,,"UCR_mini_core","UCR_MinicoreUCR_338_2025",308
"GHC2501","GHC2501_409","TVu-9486",,"MinicoreUCR_339","409",,,,"UCR_mini_core","UCR_MinicoreUCR_339_2025",309
"GHC2501","GHC2501_410","TVu-9492",,"MinicoreUCR_340","410",,,,"UCR_mini_core","UCR_MinicoreUCR_340_2025",310
"GHC2501","GHC2501_411","TVu-9506",,"MinicoreUCR_341","411",,,,"UCR_mini_core","UCR_MinicoreUCR_341_2025",311
"GHC2501","GHC2501_412","TVu-9508",,"MinicoreUCR_342","412",,,,"UCR_mini_core","UCR_MinicoreUCR_342_2025",312
"GHC2501","GHC2501_413","TVu-9516",,"MinicoreUCR_343","413",,,,"UCR_mini_core","UCR_MinicoreUCR_343_2025",313
"GHC2501","GHC2501_414","TVu-9522",,"MinicoreUCR_344","414",,,,"UCR_mini_core","UCR_MinicoreUCR_344_2025",314
"GHC2501","GHC2501_415","TVu-9556",,"MinicoreUCR_345","415",,,,"UCR_mini_core","UCR_MinicoreUCR_345_2025",315
"GHC2501","GHC2501_416","TVu-9557",,"MinicoreUCR_346","416",,,,"UCR_mini_core","UCR_MinicoreUCR_346_2025",316
"GHC2501","GHC2501_417","TVu-9620",,"MinicoreUCR_347","417",,,,"UCR_mini_core","UCR_MinicoreUCR_347_2025",317
"GHC2501","GHC2501_418","TVu-9651",,"MinicoreUCR_348","418",,,,"UCR_mini_core","UCR_MinicoreUCR_348_2025",318
"GHC2501","GHC2501_419","TVu-969",,"MinicoreUCR_350","419",,,,"UCR_mini_core","UCR_MinicoreUCR_350_2025",319
"GHC2501","GHC2501_420","TVu-972",,"MinicoreUCR_351","420",,,,"UCR_mini_core","UCR_MinicoreUCR_351_2025",320
"GHC2501","GHC2501_421","TVu-9749",,"MinicoreUCR_352","421",,,,"UCR_mini_core","UCR_MinicoreUCR_352_2025",321
"GHC2501","GHC2501_422","TVu-9801",,"MinicoreUCR_353","422",,,,"UCR_mini_core","UCR_MinicoreUCR_353_2025",322
"GHC2501","GHC2501_423","TVu-9820",,"MinicoreUCR_354","423",,,,"UCR_mini_core","UCR_MinicoreUCR_354_2025",323
"GHC2501","GHC2501_424","TVu-9848",,"MinicoreUCR_355","424",,,,"UCR_mini_core","UCR_MinicoreUCR_355_2025",324
"GHC2501","GHC2501_425","TVu-9866",,"MinicoreUCR_356","425",,,,"UCR_mini_core","UCR_MinicoreUCR_356_2025",325
"GHC2501","GHC2501_426","UCR_11","UCR 11","MinicoreUCR_357","426",,,,"UCR_mini_core","UCR_MinicoreUCR_357_2025",326
"GHC2501","GHC2501_427","UCR_1340","UCR 1340","MinicoreUCR_358","427",,,,"UCR_mini_core","UCR_MinicoreUCR_358_2025",327
"GHC2501","GHC2501_428","UCR_1342","UCR 1342","MinicoreUCR_359","428",,,,"UCR_mini_core","UCR_MinicoreUCR_359_2025",328
"GHC2501","GHC2501_429","UCR_1432","UCR 1432","MinicoreUCR_360","429",,,,"UCR_mini_core","UCR_MinicoreUCR_360_2025",329
"GHC2501","GHC2501_430","UCR_162","UCR 162","MinicoreUCR_361","430",,,,"UCR_mini_core","UCR_MinicoreUCR_361_2025",330
"GHC2501","GHC2501_431","UCR_193","UCR 193","MinicoreUCR_362","431",,,,"UCR_mini_core","UCR_MinicoreUCR_362_2025",331
"GHC2501","GHC2501_432","UCR_24","UCR 24","MinicoreUCR_363","432",,,,"UCR_mini_core","UCR_MinicoreUCR_363_2025",332
"GHC2501","GHC2501_433","UCR_288","UCR 288","MinicoreUCR_366","433",,,,"UCR_mini_core","UCR_MinicoreUCR_366_2025",333
"GHC2501","GHC2501_434","UCR_3301","UCR 3301","MinicoreUCR_368","434",,,,"UCR_mini_core","UCR_MinicoreUCR_368_2025",334
"GHC2501","GHC2501_435","UCR_3326","UCR 3326","MinicoreUCR_369","435",,,,"UCR_mini_core","UCR_MinicoreUCR_369_2025",335
"GHC2501","GHC2501_436","UCR_5164","UCR 5164","MinicoreUCR_372","436",,,,"UCR_mini_core","UCR_MinicoreUCR_372_2025",336
"GHC2501","GHC2501_437","UCR_5272","UCR 5272","MinicoreUCR_373","437",,,,"UCR_mini_core","UCR_MinicoreUCR_373_2025",337
"GHC2501","GHC2501_438","UCR_5275","UCR 5275","MinicoreUCR_374","438",,,,"UCR_mini_core","UCR_MinicoreUCR_374_2025",338
"GHC2501","GHC2501_439","UCR_5279","UCR 5279","MinicoreUCR_375","439",,,,"UCR_mini_core","UCR_MinicoreUCR_375_2025",339
"GHC2501","GHC2501_440","UCR_5280","UCR 5280","MinicoreUCR_376","440",,,,"UCR_mini_core","UCR_MinicoreUCR_376_2025",340
"GHC2501","GHC2501_441","UCR_5353","UCR 5353","MinicoreUCR_378","441",,,,"UCR_mini_core","UCR_MinicoreUCR_378_2025",341
"GHC2501","GHC2501_442","UCR_5385","UCR 5385","MinicoreUCR_379","442",,,,"UCR_mini_core","UCR_MinicoreUCR_379_2025",342
"GHC2501","GHC2501_443","UCR_707","UCR 707","MinicoreUCR_380","443",,,,"UCR_mini_core","UCR_MinicoreUCR_380_2025",343
"GHC2501","GHC2501_444","UCR_739","UCR 739","MinicoreUCR_381","444",,,,"UCR_mini_core","UCR_MinicoreUCR_381_2025",344
"GHC2501","GHC2501_445","UCR_779","UCR 779","MinicoreUCR_382","445",,,,"UCR_mini_core","UCR_MinicoreUCR_382_2025",345
"GHC2501","GHC2501_446","UCR_830","UCR 830","MinicoreUCR_383","446",,,,"UCR_mini_core","UCR_MinicoreUCR_383_2025",346
"GHC2501","GHC2501_447","VAR-10B",,"MinicoreUCR_384","447",,,,"UCR_mini_core","UCR_MinicoreUCR_384_2025",347
"GHC2501","GHC2501_448","VAR-3A",,"MinicoreUCR_385","448",,,,"UCR_mini_core","UCR_MinicoreUCR_385_2025",348
"GHC2501","GHC2501_449","Xingove",,"MinicoreUCR_387","449",,,,"UCR_mini_core","UCR_MinicoreUCR_387_2025",349
"GHC2501","GHC2501_450","Yacine",,"MinicoreUCR_388","450",,,,"UCR_mini_core","UCR_MinicoreUCR_388_2025",350
"GHC2501","GHC2501_451","Vazzano_Brown","Vazzano Brown","MinicoreUCR_389","451",,,,"UCR_mini_core","UCR_MinicoreUCR_389_2025",351
"GHC2501","GHC2501_452","Vazzano_Black","Vazzano Black","MinicoreUCR_390","452",,,,"UCR_mini_core","UCR_MinicoreUCR_390_2025",352
"GHC2501","GHC2501_453","Cp_4877","Cp 4877","MinicoreUCR_391","453",,,,"UCR_mini_core","UCR_MinicoreUCR_391_2025",353
"GHC2501","GHC2501_454","Cp_4906","Cp 4906","MinicoreUCR_392","454",,,,"UCR_mini_core","UCR_MinicoreUCR_392_2025",354
"GHC2501","GHC2501_455","Cp_5556","Cp 5556","MinicoreUCR_393","455",,,,"UCR_mini_core","UCR_MinicoreUCR_393_2025",355
"GHC2501","GHC2501_456","Cp_5647","Cp 5647","MinicoreUCR_394","456",,,,"UCR_mini_core","UCR_MinicoreUCR_394_2025",356
"GHC2501","GHC2501_457","Vg48",,"MinicoreUCR_395","457",,,,"UCR_mini_core","UCR_MinicoreUCR_395_2025",357
"GHC2501","GHC2501_458","Vg50",,"MinicoreUCR_396","458",,,,"UCR_mini_core","UCR_MinicoreUCR_396_2025",358
"GHC2501","GHC2501_459","Vg56",,"MinicoreUCR_397","459",,,,"UCR_mini_core","UCR_MinicoreUCR_397_2025",359
"GHC2501","GHC2501_460","Vg58",,"MinicoreUCR_398","460",,,,"UCR_mini_core","UCR_MinicoreUCR_398_2025",360
"GHC2501","GHC2501_461","Vg62",,"MinicoreUCR_399","461",,,,"UCR_mini_core","UCR_MinicoreUCR_399_2025",361
"GHC2501","GHC2501_462","Vg72",,"MinicoreUCR_401","462",,,,"UCR_mini_core","UCR_MinicoreUCR_401_2025",362
"GHC2501","GHC2501_463","Vg73",,"MinicoreUCR_402","463",,,,"UCR_mini_core","UCR_MinicoreUCR_402_2025",363
"GHC2501","GHC2501_464","CB46",,"MinicoreUCR_403","464",,,,"UCR_mini_core","UCR_MinicoreUCR_403_2025",364
